-- MySQL dump 10.13  Distrib 5.7.38, for Linux (x86_64)
--
-- Host: localhost    Database: feeddb
-- ------------------------------------------------------
-- Server version	5.7.38-0ubuntu0.18.04.1

/*!40101 SET @OLD_CHARACTER_SET_CLIENT=@@CHARACTER_SET_CLIENT */;
/*!40101 SET @OLD_CHARACTER_SET_RESULTS=@@CHARACTER_SET_RESULTS */;
/*!40101 SET @OLD_COLLATION_CONNECTION=@@COLLATION_CONNECTION */;
/*!40101 SET NAMES utf8 */;
/*!40103 SET @OLD_TIME_ZONE=@@TIME_ZONE */;
/*!40103 SET TIME_ZONE='+00:00' */;
/*!40014 SET @OLD_UNIQUE_CHECKS=@@UNIQUE_CHECKS, UNIQUE_CHECKS=0 */;
/*!40014 SET @OLD_FOREIGN_KEY_CHECKS=@@FOREIGN_KEY_CHECKS, FOREIGN_KEY_CHECKS=0 */;
/*!40101 SET @OLD_SQL_MODE=@@SQL_MODE, SQL_MODE='NO_AUTO_VALUE_ON_ZERO' */;
/*!40111 SET @OLD_SQL_NOTES=@@SQL_NOTES, SQL_NOTES=0 */;

create database feeddb;
# Create an user named 'feeduser' with password 'feedpasswd'.
CREATE USER 'feeduser'@'localhost' IDENTIFIED BY 'feedpasswd';
GRANT ALL PRIVILEGES ON feeddb.* TO 'feeduser'@'localhost';
FLUSH PRIVILEGES;

--
-- Current Database: `feeddb`
--

CREATE DATABASE /*!32312 IF NOT EXISTS*/ `feeddb` /*!40100 DEFAULT CHARACTER SET latin1 */;

USE `feeddb`;

--
-- Table structure for table `auth_group`
--

DROP TABLE IF EXISTS `auth_group`;
/*!40101 SET @saved_cs_client     = @@character_set_client */;
/*!40101 SET character_set_client = utf8 */;
CREATE TABLE `auth_group` (
  `id` int(11) NOT NULL AUTO_INCREMENT,
  `name` varchar(150) NOT NULL,
  PRIMARY KEY (`id`),
  UNIQUE KEY `name` (`name`)
) ENGINE=InnoDB DEFAULT CHARSET=latin1;
/*!40101 SET character_set_client = @saved_cs_client */;

--
-- Dumping data for table `auth_group`
--

LOCK TABLES `auth_group` WRITE;
/*!40000 ALTER TABLE `auth_group` DISABLE KEYS */;
/*!40000 ALTER TABLE `auth_group` ENABLE KEYS */;
UNLOCK TABLES;

--
-- Table structure for table `auth_group_permissions`
--

DROP TABLE IF EXISTS `auth_group_permissions`;
/*!40101 SET @saved_cs_client     = @@character_set_client */;
/*!40101 SET character_set_client = utf8 */;
CREATE TABLE `auth_group_permissions` (
  `id` bigint(20) NOT NULL AUTO_INCREMENT,
  `group_id` int(11) NOT NULL,
  `permission_id` int(11) NOT NULL,
  PRIMARY KEY (`id`),
  UNIQUE KEY `auth_group_permissions_group_id_permission_id_0cd325b0_uniq` (`group_id`,`permission_id`),
  KEY `auth_group_permissio_permission_id_84c5c92e_fk_auth_perm` (`permission_id`),
  CONSTRAINT `auth_group_permissio_permission_id_84c5c92e_fk_auth_perm` FOREIGN KEY (`permission_id`) REFERENCES `auth_permission` (`id`),
  CONSTRAINT `auth_group_permissions_group_id_b120cbf9_fk_auth_group_id` FOREIGN KEY (`group_id`) REFERENCES `auth_group` (`id`)
) ENGINE=InnoDB DEFAULT CHARSET=latin1;
/*!40101 SET character_set_client = @saved_cs_client */;

--
-- Dumping data for table `auth_group_permissions`
--

LOCK TABLES `auth_group_permissions` WRITE;
/*!40000 ALTER TABLE `auth_group_permissions` DISABLE KEYS */;
/*!40000 ALTER TABLE `auth_group_permissions` ENABLE KEYS */;
UNLOCK TABLES;

--
-- Table structure for table `auth_permission`
--

DROP TABLE IF EXISTS `auth_permission`;
/*!40101 SET @saved_cs_client     = @@character_set_client */;
/*!40101 SET character_set_client = utf8 */;
CREATE TABLE `auth_permission` (
  `id` int(11) NOT NULL AUTO_INCREMENT,
  `name` varchar(255) NOT NULL,
  `content_type_id` int(11) NOT NULL,
  `codename` varchar(100) NOT NULL,
  PRIMARY KEY (`id`),
  UNIQUE KEY `auth_permission_content_type_id_codename_01ab375a_uniq` (`content_type_id`,`codename`),
  CONSTRAINT `auth_permission_content_type_id_2f476e4b_fk_django_co` FOREIGN KEY (`content_type_id`) REFERENCES `django_content_type` (`id`)
) ENGINE=InnoDB AUTO_INCREMENT=29 DEFAULT CHARSET=latin1;
/*!40101 SET character_set_client = @saved_cs_client */;

--
-- Dumping data for table `auth_permission`
--

LOCK TABLES `auth_permission` WRITE;
/*!40000 ALTER TABLE `auth_permission` DISABLE KEYS */;
INSERT INTO `auth_permission` VALUES (1,'Can add log entry',1,'add_logentry'),(2,'Can change log entry',1,'change_logentry'),(3,'Can delete log entry',1,'delete_logentry'),(4,'Can view log entry',1,'view_logentry'),(5,'Can add permission',2,'add_permission'),(6,'Can change permission',2,'change_permission'),(7,'Can delete permission',2,'delete_permission'),(8,'Can view permission',2,'view_permission'),(9,'Can add group',3,'add_group'),(10,'Can change group',3,'change_group'),(11,'Can delete group',3,'delete_group'),(12,'Can view group',3,'view_group'),(13,'Can add user',4,'add_user'),(14,'Can change user',4,'change_user'),(15,'Can delete user',4,'delete_user'),(16,'Can view user',4,'view_user'),(17,'Can add content type',5,'add_contenttype'),(18,'Can change content type',5,'change_contenttype'),(19,'Can delete content type',5,'delete_contenttype'),(20,'Can view content type',5,'view_contenttype'),(21,'Can add session',6,'add_session'),(22,'Can change session',6,'change_session'),(23,'Can delete session',6,'delete_session'),(24,'Can view session',6,'view_session'),(25,'Can add Feeds Table',7,'add_feed'),(26,'Can change Feeds Table',7,'change_feed'),(27,'Can delete Feeds Table',7,'delete_feed'),(28,'Can view Feeds Table',7,'view_feed');
/*!40000 ALTER TABLE `auth_permission` ENABLE KEYS */;
UNLOCK TABLES;

--
-- Table structure for table `auth_user`
--

DROP TABLE IF EXISTS `auth_user`;
/*!40101 SET @saved_cs_client     = @@character_set_client */;
/*!40101 SET character_set_client = utf8 */;
CREATE TABLE `auth_user` (
  `id` int(11) NOT NULL AUTO_INCREMENT,
  `password` varchar(128) NOT NULL,
  `last_login` datetime(6) DEFAULT NULL,
  `is_superuser` tinyint(1) NOT NULL,
  `username` varchar(150) NOT NULL,
  `first_name` varchar(150) NOT NULL,
  `last_name` varchar(150) NOT NULL,
  `email` varchar(254) NOT NULL,
  `is_staff` tinyint(1) NOT NULL,
  `is_active` tinyint(1) NOT NULL,
  `date_joined` datetime(6) NOT NULL,
  PRIMARY KEY (`id`),
  UNIQUE KEY `username` (`username`)
) ENGINE=InnoDB AUTO_INCREMENT=3 DEFAULT CHARSET=latin1;
/*!40101 SET character_set_client = @saved_cs_client */;

--
-- Dumping data for table `auth_user`
--

LOCK TABLES `auth_user` WRITE;
/*!40000 ALTER TABLE `auth_user` DISABLE KEYS */;
INSERT INTO `auth_user` VALUES (1,'pbkdf2_sha256$260000$uGTXxqWhrbjx7x7neAWilx$lwgW6C2SS12loT3A+tcVF1ZvLhMkRDK35CJzXd+Z2B8=',NULL,0,'admin','','','supmit@gmail.com',0,1,'2022-07-08 03:20:51.317830'),(2,'pbkdf2_sha256$260000$C9h0howTdh4MjZoUVa2gpV$6/5mpYLrBpotWjfdLuejyak3OUe/yOro8tontTh8np4=','2022-07-08 07:19:58.258913',0,'supmit@gmail.com','','','supmit@gmail.com',0,1,'2022-07-08 03:24:17.152026');
/*!40000 ALTER TABLE `auth_user` ENABLE KEYS */;
UNLOCK TABLES;

--
-- Table structure for table `auth_user_groups`
--

DROP TABLE IF EXISTS `auth_user_groups`;
/*!40101 SET @saved_cs_client     = @@character_set_client */;
/*!40101 SET character_set_client = utf8 */;
CREATE TABLE `auth_user_groups` (
  `id` bigint(20) NOT NULL AUTO_INCREMENT,
  `user_id` int(11) NOT NULL,
  `group_id` int(11) NOT NULL,
  PRIMARY KEY (`id`),
  UNIQUE KEY `auth_user_groups_user_id_group_id_94350c0c_uniq` (`user_id`,`group_id`),
  KEY `auth_user_groups_group_id_97559544_fk_auth_group_id` (`group_id`),
  CONSTRAINT `auth_user_groups_group_id_97559544_fk_auth_group_id` FOREIGN KEY (`group_id`) REFERENCES `auth_group` (`id`),
  CONSTRAINT `auth_user_groups_user_id_6a12ed8b_fk_auth_user_id` FOREIGN KEY (`user_id`) REFERENCES `auth_user` (`id`)
) ENGINE=InnoDB DEFAULT CHARSET=latin1;
/*!40101 SET character_set_client = @saved_cs_client */;

--
-- Dumping data for table `auth_user_groups`
--

LOCK TABLES `auth_user_groups` WRITE;
/*!40000 ALTER TABLE `auth_user_groups` DISABLE KEYS */;
/*!40000 ALTER TABLE `auth_user_groups` ENABLE KEYS */;
UNLOCK TABLES;

--
-- Table structure for table `auth_user_user_permissions`
--

DROP TABLE IF EXISTS `auth_user_user_permissions`;
/*!40101 SET @saved_cs_client     = @@character_set_client */;
/*!40101 SET character_set_client = utf8 */;
CREATE TABLE `auth_user_user_permissions` (
  `id` bigint(20) NOT NULL AUTO_INCREMENT,
  `user_id` int(11) NOT NULL,
  `permission_id` int(11) NOT NULL,
  PRIMARY KEY (`id`),
  UNIQUE KEY `auth_user_user_permissions_user_id_permission_id_14a6b632_uniq` (`user_id`,`permission_id`),
  KEY `auth_user_user_permi_permission_id_1fbb5f2c_fk_auth_perm` (`permission_id`),
  CONSTRAINT `auth_user_user_permi_permission_id_1fbb5f2c_fk_auth_perm` FOREIGN KEY (`permission_id`) REFERENCES `auth_permission` (`id`),
  CONSTRAINT `auth_user_user_permissions_user_id_a95ead1b_fk_auth_user_id` FOREIGN KEY (`user_id`) REFERENCES `auth_user` (`id`)
) ENGINE=InnoDB DEFAULT CHARSET=latin1;
/*!40101 SET character_set_client = @saved_cs_client */;

--
-- Dumping data for table `auth_user_user_permissions`
--

LOCK TABLES `auth_user_user_permissions` WRITE;
/*!40000 ALTER TABLE `auth_user_user_permissions` DISABLE KEYS */;
/*!40000 ALTER TABLE `auth_user_user_permissions` ENABLE KEYS */;
UNLOCK TABLES;

--
-- Table structure for table `django_admin_log`
--

DROP TABLE IF EXISTS `django_admin_log`;
/*!40101 SET @saved_cs_client     = @@character_set_client */;
/*!40101 SET character_set_client = utf8 */;
CREATE TABLE `django_admin_log` (
  `id` int(11) NOT NULL AUTO_INCREMENT,
  `action_time` datetime(6) NOT NULL,
  `object_id` longtext,
  `object_repr` varchar(200) NOT NULL,
  `action_flag` smallint(5) unsigned NOT NULL,
  `change_message` longtext NOT NULL,
  `content_type_id` int(11) DEFAULT NULL,
  `user_id` int(11) NOT NULL,
  PRIMARY KEY (`id`),
  KEY `django_admin_log_content_type_id_c4bce8eb_fk_django_co` (`content_type_id`),
  KEY `django_admin_log_user_id_c564eba6_fk_auth_user_id` (`user_id`),
  CONSTRAINT `django_admin_log_content_type_id_c4bce8eb_fk_django_co` FOREIGN KEY (`content_type_id`) REFERENCES `django_content_type` (`id`),
  CONSTRAINT `django_admin_log_user_id_c564eba6_fk_auth_user_id` FOREIGN KEY (`user_id`) REFERENCES `auth_user` (`id`)
) ENGINE=InnoDB DEFAULT CHARSET=latin1;
/*!40101 SET character_set_client = @saved_cs_client */;

--
-- Dumping data for table `django_admin_log`
--

LOCK TABLES `django_admin_log` WRITE;
/*!40000 ALTER TABLE `django_admin_log` DISABLE KEYS */;
/*!40000 ALTER TABLE `django_admin_log` ENABLE KEYS */;
UNLOCK TABLES;

--
-- Table structure for table `django_content_type`
--

DROP TABLE IF EXISTS `django_content_type`;
/*!40101 SET @saved_cs_client     = @@character_set_client */;
/*!40101 SET character_set_client = utf8 */;
CREATE TABLE `django_content_type` (
  `id` int(11) NOT NULL AUTO_INCREMENT,
  `app_label` varchar(100) NOT NULL,
  `model` varchar(100) NOT NULL,
  PRIMARY KEY (`id`),
  UNIQUE KEY `django_content_type_app_label_model_76bd3d3b_uniq` (`app_label`,`model`)
) ENGINE=InnoDB AUTO_INCREMENT=8 DEFAULT CHARSET=latin1;
/*!40101 SET character_set_client = @saved_cs_client */;

--
-- Dumping data for table `django_content_type`
--

LOCK TABLES `django_content_type` WRITE;
/*!40000 ALTER TABLE `django_content_type` DISABLE KEYS */;
INSERT INTO `django_content_type` VALUES (1,'admin','logentry'),(3,'auth','group'),(2,'auth','permission'),(4,'auth','user'),(5,'contenttypes','contenttype'),(7,'feedman','feed'),(6,'sessions','session');
/*!40000 ALTER TABLE `django_content_type` ENABLE KEYS */;
UNLOCK TABLES;

--
-- Table structure for table `django_migrations`
--

DROP TABLE IF EXISTS `django_migrations`;
/*!40101 SET @saved_cs_client     = @@character_set_client */;
/*!40101 SET character_set_client = utf8 */;
CREATE TABLE `django_migrations` (
  `id` bigint(20) NOT NULL AUTO_INCREMENT,
  `app` varchar(255) NOT NULL,
  `name` varchar(255) NOT NULL,
  `applied` datetime(6) NOT NULL,
  PRIMARY KEY (`id`)
) ENGINE=InnoDB AUTO_INCREMENT=20 DEFAULT CHARSET=latin1;
/*!40101 SET character_set_client = @saved_cs_client */;

--
-- Dumping data for table `django_migrations`
--

LOCK TABLES `django_migrations` WRITE;
/*!40000 ALTER TABLE `django_migrations` DISABLE KEYS */;
INSERT INTO `django_migrations` VALUES (1,'contenttypes','0001_initial','2022-07-07 22:57:24.636850'),(2,'auth','0001_initial','2022-07-07 22:57:36.699893'),(3,'admin','0001_initial','2022-07-07 22:57:38.899373'),(4,'admin','0002_logentry_remove_auto_add','2022-07-07 22:57:38.952428'),(5,'admin','0003_logentry_add_action_flag_choices','2022-07-07 22:57:39.003738'),(6,'contenttypes','0002_remove_content_type_name','2022-07-07 22:57:40.572286'),(7,'auth','0002_alter_permission_name_max_length','2022-07-07 22:57:40.729220'),(8,'auth','0003_alter_user_email_max_length','2022-07-07 22:57:40.863691'),(9,'auth','0004_alter_user_username_opts','2022-07-07 22:57:40.925606'),(10,'auth','0005_alter_user_last_login_null','2022-07-07 22:57:41.612321'),(11,'auth','0006_require_contenttypes_0002','2022-07-07 22:57:41.701572'),(12,'auth','0007_alter_validators_add_error_messages','2022-07-07 22:57:41.750836'),(13,'auth','0008_alter_user_username_max_length','2022-07-07 22:57:41.903815'),(14,'auth','0009_alter_user_last_name_max_length','2022-07-07 22:57:42.037640'),(15,'auth','0010_alter_group_name_max_length','2022-07-07 22:57:42.172181'),(16,'auth','0011_update_proxy_permissions','2022-07-07 22:57:42.222765'),(17,'auth','0012_alter_user_first_name_max_length','2022-07-07 22:57:42.484323'),(18,'feedman','0001_initial','2022-07-07 22:57:43.836103'),(19,'sessions','0001_initial','2022-07-07 22:57:44.683997');
/*!40000 ALTER TABLE `django_migrations` ENABLE KEYS */;
UNLOCK TABLES;

--
-- Table structure for table `django_session`
--

DROP TABLE IF EXISTS `django_session`;
/*!40101 SET @saved_cs_client     = @@character_set_client */;
/*!40101 SET character_set_client = utf8 */;
CREATE TABLE `django_session` (
  `session_key` varchar(40) NOT NULL,
  `session_data` longtext NOT NULL,
  `expire_date` datetime(6) NOT NULL,
  PRIMARY KEY (`session_key`),
  KEY `django_session_expire_date_a5c62663` (`expire_date`)
) ENGINE=InnoDB DEFAULT CHARSET=latin1;
/*!40101 SET character_set_client = @saved_cs_client */;

--
-- Dumping data for table `django_session`
--

LOCK TABLES `django_session` WRITE;
/*!40000 ALTER TABLE `django_session` DISABLE KEYS */;
INSERT INTO `django_session` VALUES ('zb6v7o63jx3o6wya8wpu8uc3ze9gni6e','.eJxVjDEOwjAMRe-SGUWOU6zAyM4ZosR2SQGlUtNOFXenlTrA-t97fzUxLXOJS9MpDmKuBs3pd8uJX1p3IM9UH6Plsc7TkO2u2IM2ex9F37fD_TsoqZWtToTn0GHvmJU8upApX0gFEBADd0AeRMR7cECK0CMF5SyJvYMtMp8vyEE3cw:1o9iHO:mQCJMjgP11DFnX4zii1aP31TvHEB9g6-1c5TSHrpgR0','2022-07-22 07:19:58.535716');
/*!40000 ALTER TABLE `django_session` ENABLE KEYS */;
UNLOCK TABLES;

--
-- Table structure for table `feedman_feeds`
--

DROP TABLE IF EXISTS `feedman_feeds`;
/*!40101 SET @saved_cs_client     = @@character_set_client */;
/*!40101 SET character_set_client = utf8 */;
CREATE TABLE `feedman_feeds` (
  `id` bigint(20) NOT NULL AUTO_INCREMENT,
  `feedtitle` varchar(500) NOT NULL,
  `feedeventteam1` varchar(300) NOT NULL,
  `feedeventteam2` varchar(300) NOT NULL,
  `feedstart` datetime(6) NOT NULL,
  `feedend` datetime(6) DEFAULT NULL,
  `eventtype` varchar(250) NOT NULL,
  `eventresult` varchar(500) DEFAULT NULL,
  `feedstatus` varchar(100) NOT NULL,
  `feedpath` varchar(500) NOT NULL,
  `deleted` tinyint(1) NOT NULL,
  `updatetime` datetime(6) NOT NULL,
  `updateuser_id` int(11) NOT NULL,
  PRIMARY KEY (`id`),
  KEY `feedman_feeds_updateuser_id_eb525f13_fk_auth_user_id` (`updateuser_id`),
  CONSTRAINT `feedman_feeds_updateuser_id_eb525f13_fk_auth_user_id` FOREIGN KEY (`updateuser_id`) REFERENCES `auth_user` (`id`)
) ENGINE=InnoDB AUTO_INCREMENT=315 DEFAULT CHARSET=latin1;
/*!40101 SET character_set_client = @saved_cs_client */;

--
-- Dumping data for table `feedman_feeds`
--

LOCK TABLES `feedman_feeds` WRITE;
/*!40000 ALTER TABLE `feedman_feeds` DISABLE KEYS */;
INSERT INTO `feedman_feeds` VALUES (2,'French Open','psitsipas','djokovic','2022-07-09 23:35:38.911588','2022-07-08 01:30:00.000000','Men\'s Singles','','past\'','tennisvideos/080920020394.avi',1,'2022-07-09 12:34:41.234336',2),(3,'LIVESTREAM: W60 Amstelveen, Singles','Michaela Bayerlova','Aneta Laboutkova','2022-07-09 18:26:51.222404','2022-07-08 08:00:00.000000','women - singles','tie','past\'','/home/supmit/work/capturelivefeed/tennisvideos/20220709191634.avi',0,'2022-07-09 18:26:32.839463',2),(4,'LIVESTREAM: W60 Amstelveen, Doubles','Michaela Bayerlova','Aneta Laboutkova','2022-07-09 23:27:11.097571',NULL,'women - doubles',NULL,'live','/home/supmit/work/capturelivefeed/tennisvideos/20220709192113.avi',0,'2022-07-09 19:21:14.323162',1),(5,'LIVESTREAM: W100 Versmold, Singles','Nadia Podoroska','Ysaline Bonaventure','2022-07-09 23:27:11.005073',NULL,'women - singles',NULL,'live','/home/supmit/work/capturelivefeed/tennisvideos/20220709192115.avi',0,'2022-07-09 19:21:16.334046',1),(6,'LIVESTREAM: M25 Marburg, Singles','Yshai Oliel','Milan Welte','2022-07-09 19:21:18.174031',NULL,'men - singles',NULL,'live','/home/supmit/work/capturelivefeed/tennisvideos/20220709192117.avi',0,'2022-07-09 19:21:18.175290',1),(7,'W25 Getxo, Singles','Angela Fita Boluda','Sapfo Sakellaridi','2022-07-09 21:11:31.659894',NULL,'women - singles',NULL,'live','/home/supmit/work/capturelivefeed/tennisvideos/20220709211129.avi',0,'2022-07-09 21:11:31.661260',1),(8,'M25 Marburg, Singles','Yshai Oliel','Milan Welte','2022-07-09 21:11:33.295770',NULL,'men - singles',NULL,'live','/home/supmit/work/capturelivefeed/tennisvideos/20220709211132.avi',0,'2022-07-09 21:11:33.296930',1),(9,'M25 Getxo, Singles','Alvaro Lopez San Martin','Alex Marti Pujolras','2022-07-10 13:33:44.699485',NULL,'men - singles',NULL,'live','/home/supmit/work/capturelivefeed/tennisvideos/20220710133343.avi',0,'2022-07-10 13:33:44.700612',1),(10,'M25 Getxo, Singles','Alvaro Lopez San Martin','Alex Marti Pujolras','2022-07-10 13:40:29.698422',NULL,'men - singles',NULL,'live','/home/supmit/work/capturelivefeed/tennisvideos/20220710134029.avi',0,'2022-07-10 13:40:29.699549',1),(11,'M25 Getxo, Singles','Alvaro Lopez San Martin','Alex Marti Pujolras','2022-07-10 13:44:08.814113',NULL,'men - singles',NULL,'live','/home/supmit/work/capturelivefeed/tennisvideos/20220710134408.avi',0,'2022-07-10 13:44:08.815453',1),(12,'M25 Getxo, Singles','Alvaro Lopez San Martin','Alex Marti Pujolras','2022-07-10 13:52:57.616772',NULL,'men - singles',NULL,'live','/home/supmit/work/capturelivefeed/tennisvideos/20220710135256.avi',0,'2022-07-10 13:52:57.617940',1),(13,'M25 Getxo, Singles','Alvaro Lopez San Martin','Alex Marti Pujolras','2022-07-10 13:58:18.728836',NULL,'men - singles',NULL,'live','/home/supmit/work/capturelivefeed/tennisvideos/20220710135818.avi',0,'2022-07-10 13:58:18.729981',1),(14,'M25 Getxo, Singles','Alvaro Lopez San Martin','Alex Marti Pujolras','2022-07-10 14:03:11.073763',NULL,'men - singles',NULL,'live','/home/supmit/work/capturelivefeed/tennisvideos/20220710140310.avi',0,'2022-07-10 14:03:11.074915',1),(15,'W60+H Rome, Singles','Anastasia Abbagnato','Estelle Cascino','2022-07-11 16:54:19.019401',NULL,'women - singles',NULL,'live','/home/supmit/work/capturelivefeed/tennisvideos/20220711165417.avi',0,'2022-07-11 16:54:19.021608',1),(16,'W60+H Rome, Singles','Diana Shnaider','Tatiana Pieri','2022-07-11 16:54:22.313304',NULL,'women - singles',NULL,'live','/home/supmit/work/capturelivefeed/tennisvideos/20220711165420.avi',0,'2022-07-11 16:54:22.315169',1),(17,'W60+H Rome, Singles','Federica Urgesi','Anna Turati','2022-07-11 16:54:25.460107',NULL,'women - singles',NULL,'live','/home/supmit/work/capturelivefeed/tennisvideos/20220711165423.avi',0,'2022-07-11 16:54:25.463049',1),(18,'W25 Roehampton, Singles','Astrid Wanja Brune Olsen','Amarni Banks','2022-07-11 16:54:28.402735',NULL,'women - singles',NULL,'live','/home/supmit/work/capturelivefeed/tennisvideos/20220711165426.avi',0,'2022-07-11 16:54:28.404907',1),(19,'W25 Roehampton, Singles','Jizel Matos Sequeira Fernandes','Anika Jaskova','2022-07-11 16:54:31.976479',NULL,'women - singles',NULL,'live','/home/supmit/work/capturelivefeed/tennisvideos/20220711165429.avi',0,'2022-07-11 16:54:31.979504',1),(20,'M25 Idanha-a-Nova, Singles','Imran Sibille','Guilherme Sousa Severin','2022-07-11 16:54:35.207542',NULL,'men - singles',NULL,'live','/home/supmit/work/capturelivefeed/tennisvideos/20220711165433.avi',0,'2022-07-11 16:54:35.210029',1),(21,'M25 Nur-Sultan, Singles','Oleg Syrovatskiy','Ivan Zaytsev','2022-07-11 16:54:38.369570',NULL,'men - singles',NULL,'live','/home/supmit/work/capturelivefeed/tennisvideos/20220711165436.avi',0,'2022-07-11 16:54:38.371701',1),(22,'M25 Nur-Sultan, Singles','Mykhailo Mossur','Andrey Nelich','2022-07-11 16:54:41.345615',NULL,'men - singles',NULL,'live','/home/supmit/work/capturelivefeed/tennisvideos/20220711165439.avi',0,'2022-07-11 16:54:41.348936',1),(23,'M25 Roehampton, Singles','Scott Duncan','Josef Southcombe','2022-07-11 16:54:44.409434',NULL,'men - singles',NULL,'live','/home/supmit/work/capturelivefeed/tennisvideos/20220711165442.avi',0,'2022-07-11 16:54:44.411622',1),(24,'M25 Roehampton, Singles','Sean HODKIN','Sizya Ernest Kivanda','2022-07-11 16:54:48.097420',NULL,'men - singles',NULL,'live','/home/supmit/work/capturelivefeed/tennisvideos/20220711165446.avi',0,'2022-07-11 16:54:48.099550',1),(25,'W60+H Rome, Singles','Anastasia Abbagnato','Estelle Cascino','2022-07-11 17:00:14.746836',NULL,'women - singles',NULL,'live','/home/supmit/work/capturelivefeed/tennisvideos/20220711170012.avi',0,'2022-07-11 17:00:14.750905',1),(26,'W60+H Rome, Singles','Diana Shnaider','Tatiana Pieri','2022-07-11 17:00:18.230501',NULL,'women - singles',NULL,'live','/home/supmit/work/capturelivefeed/tennisvideos/20220711170016.avi',0,'2022-07-11 17:00:18.232432',1),(27,'W60+H Rome, Singles','Federica Urgesi','Anna Turati','2022-07-11 17:00:21.611082',NULL,'women - singles',NULL,'live','/home/supmit/work/capturelivefeed/tennisvideos/20220711170019.avi',0,'2022-07-11 17:00:21.613080',1),(28,'W25 Roehampton, Singles','Astrid Wanja Brune Olsen','Amarni Banks','2022-07-11 17:00:25.094505',NULL,'women - singles',NULL,'live','/home/supmit/work/capturelivefeed/tennisvideos/20220711170023.avi',0,'2022-07-11 17:00:25.096473',1),(29,'W25 Roehampton, Singles','Jizel Matos Sequeira Fernandes','Anika Jaskova','2022-07-11 17:00:28.472505',NULL,'women - singles',NULL,'live','/home/supmit/work/capturelivefeed/tennisvideos/20220711170026.avi',0,'2022-07-11 17:00:28.474491',1),(30,'M25 Idanha-a-Nova, Singles','Imran Sibille','Guilherme Sousa Severin','2022-07-11 17:00:32.258346',NULL,'men - singles',NULL,'live','/home/supmit/work/capturelivefeed/tennisvideos/20220711170030.avi',0,'2022-07-11 17:00:32.260431',1),(31,'M25 Nur-Sultan, Singles','Mykhailo Mossur','Andrey Nelich','2022-07-11 17:00:35.387199',NULL,'men - singles',NULL,'live','/home/supmit/work/capturelivefeed/tennisvideos/20220711170033.avi',0,'2022-07-11 17:00:35.389147',1),(32,'M25 Nur-Sultan, Singles','Rakhimbek Ibrakhimov','Alexander Chepik','2022-07-11 17:00:38.710828',NULL,'men - singles',NULL,'live','/home/supmit/work/capturelivefeed/tennisvideos/20220711170037.avi',0,'2022-07-11 17:00:38.712835',1),(33,'M25 Nur-Sultan, Singles','Alexander Zgirovsky','Amir Milushev','2022-07-11 17:00:52.538677',NULL,'men - singles',NULL,'live','/home/supmit/work/capturelivefeed/tennisvideos/20220711170050.avi',0,'2022-07-11 17:00:52.540748',1),(34,'M25 Roehampton, Singles','Scott Duncan','Josef Southcombe','2022-07-11 17:00:56.238792',NULL,'men - singles',NULL,'live','/home/supmit/work/capturelivefeed/tennisvideos/20220711170054.avi',0,'2022-07-11 17:00:56.240813',1),(35,'M25 Roehampton, Singles','Sean HODKIN','Sizya Ernest Kivanda','2022-07-11 17:00:59.372870',NULL,'men - singles',NULL,'live','/home/supmit/work/capturelivefeed/tennisvideos/20220711170057.avi',0,'2022-07-11 17:00:59.375112',1),(36,'W25 Nur-Sultan, Singles','Dana Shakirova','Anastasia Kovaleva','2022-07-11 17:07:52.576097',NULL,'women - singles',NULL,'live','/home/supmit/work/capturelivefeed/tennisvideos/20220711170750.avi',0,'2022-07-11 17:07:52.578183',1),(37,'W60+H Rome, Singles','Anastasia Abbagnato','Estelle Cascino','2022-07-11 17:07:56.462683',NULL,'women - singles',NULL,'live','/home/supmit/work/capturelivefeed/tennisvideos/20220711170754.avi',0,'2022-07-11 17:07:56.464856',1),(38,'W60+H Rome, Singles','Miriana Tona','Stefania Rubini','2022-07-11 17:08:00.044582',NULL,'women - singles',NULL,'live','/home/supmit/work/capturelivefeed/tennisvideos/20220711170758.avi',0,'2022-07-11 17:08:00.046713',1),(39,'W60+H Rome, Singles','Federica Urgesi','Anna Turati','2022-07-11 17:08:04.144242',NULL,'women - singles',NULL,'live','/home/supmit/work/capturelivefeed/tennisvideos/20220711170801.avi',0,'2022-07-11 17:08:04.146430',1),(40,'W25 Roehampton, Singles','Astrid Wanja Brune Olsen','Amarni Banks','2022-07-11 17:08:07.935027',NULL,'women - singles',NULL,'live','/home/supmit/work/capturelivefeed/tennisvideos/20220711170805.avi',0,'2022-07-11 17:08:07.937592',1),(41,'W25 Roehampton, Singles','Jizel Matos Sequeira Fernandes','Anika Jaskova','2022-07-11 17:08:11.208322',NULL,'women - singles',NULL,'live','/home/supmit/work/capturelivefeed/tennisvideos/20220711170809.avi',0,'2022-07-11 17:08:11.210549',1),(42,'M25 Idanha-a-Nova, Singles','Imran Sibille','Guilherme Sousa Severin','2022-07-11 17:08:14.220122',NULL,'men - singles',NULL,'live','/home/supmit/work/capturelivefeed/tennisvideos/20220711170812.avi',0,'2022-07-11 17:08:14.222249',1),(43,'M25 Nur-Sultan, Singles','Mykhailo Mossur','Andrey Nelich','2022-07-11 17:08:17.451635',NULL,'men - singles',NULL,'live','/home/supmit/work/capturelivefeed/tennisvideos/20220711170815.avi',0,'2022-07-11 17:08:17.453856',1),(44,'M25 Nur-Sultan, Singles','Rakhimbek Ibrakhimov','Alexander Chepik','2022-07-11 17:08:20.628005',NULL,'men - singles',NULL,'live','/home/supmit/work/capturelivefeed/tennisvideos/20220711170819.avi',0,'2022-07-11 17:08:20.630092',1),(45,'M25 Nur-Sultan, Singles','Alexander Zgirovsky','Amir Milushev','2022-07-11 17:08:24.214838',NULL,'men - singles',NULL,'live','/home/supmit/work/capturelivefeed/tennisvideos/20220711170822.avi',0,'2022-07-11 17:08:24.216930',1),(46,'M25 Roehampton, Singles','Scott Duncan','Josef Southcombe','2022-07-11 17:08:27.415335',NULL,'men - singles',NULL,'live','/home/supmit/work/capturelivefeed/tennisvideos/20220711170825.avi',0,'2022-07-11 17:08:27.417519',1),(47,'M25 Roehampton, Singles','Sean HODKIN','Sizya Ernest Kivanda','2022-07-11 17:08:31.074251',NULL,'men - singles',NULL,'live','/home/supmit/work/capturelivefeed/tennisvideos/20220711170829.avi',0,'2022-07-11 17:08:31.076352',1),(48,'W25 Nur-Sultan, Singles','Dana Shakirova','Anastasia Kovaleva','2022-07-11 17:11:38.774476',NULL,'women - singles',NULL,'live','/home/supmit/work/capturelivefeed/tennisvideos/20220711171136.avi',0,'2022-07-11 17:11:38.776491',1),(49,'W60+H Rome, Singles','Anastasia Abbagnato','Estelle Cascino','2022-07-11 17:11:42.254750',NULL,'women - singles',NULL,'live','/home/supmit/work/capturelivefeed/tennisvideos/20220711171140.avi',0,'2022-07-11 17:11:42.257037',1),(50,'W60+H Rome, Singles','Miriana Tona','Stefania Rubini','2022-07-11 17:11:45.915492',NULL,'women - singles',NULL,'live','/home/supmit/work/capturelivefeed/tennisvideos/20220711171144.avi',0,'2022-07-11 17:11:45.917547',1),(51,'W60+H Rome, Singles','Federica Urgesi','Anna Turati','2022-07-11 17:11:49.833317',NULL,'women - singles',NULL,'live','/home/supmit/work/capturelivefeed/tennisvideos/20220711171147.avi',0,'2022-07-11 17:11:49.835391',1),(52,'W25 Roehampton, Singles','Astrid Wanja Brune Olsen','Amarni Banks','2022-07-11 17:11:53.515186',NULL,'women - singles',NULL,'live','/home/supmit/work/capturelivefeed/tennisvideos/20220711171151.avi',0,'2022-07-11 17:11:53.517254',1),(53,'W25 Roehampton, Singles','Jizel Matos Sequeira Fernandes','Anika Jaskova','2022-07-11 17:11:57.389868',NULL,'women - singles',NULL,'live','/home/supmit/work/capturelivefeed/tennisvideos/20220711171155.avi',0,'2022-07-11 17:11:57.391940',1),(54,'M25 Idanha-a-Nova, Singles','Imran Sibille','Guilherme Sousa Severin','2022-07-11 17:12:01.608774',NULL,'men - singles',NULL,'live','/home/supmit/work/capturelivefeed/tennisvideos/20220711171159.avi',0,'2022-07-11 17:12:01.610993',1),(55,'M25 Nur-Sultan, Singles','Mykhailo Mossur','Andrey Nelich','2022-07-11 17:12:05.702157',NULL,'men - singles',NULL,'live','/home/supmit/work/capturelivefeed/tennisvideos/20220711171203.avi',0,'2022-07-11 17:12:05.704494',1),(56,'M25 Nur-Sultan, Singles','Rakhimbek Ibrakhimov','Alexander Chepik','2022-07-11 17:12:09.697056',NULL,'men - singles',NULL,'live','/home/supmit/work/capturelivefeed/tennisvideos/20220711171207.avi',0,'2022-07-11 17:12:09.699861',1),(57,'M25 Nur-Sultan, Singles','Alexander Zgirovsky','Amir Milushev','2022-07-11 17:12:13.477486',NULL,'men - singles',NULL,'live','/home/supmit/work/capturelivefeed/tennisvideos/20220711171211.avi',0,'2022-07-11 17:12:13.479550',1),(58,'M25 Roehampton, Singles','Scott Duncan','Josef Southcombe','2022-07-11 17:12:17.172637',NULL,'men - singles',NULL,'live','/home/supmit/work/capturelivefeed/tennisvideos/20220711171215.avi',0,'2022-07-11 17:12:17.174789',1),(59,'M25 Roehampton, Singles','Sean HODKIN','Sizya Ernest Kivanda','2022-07-11 17:12:21.573874',NULL,'men - singles',NULL,'live','/home/supmit/work/capturelivefeed/tennisvideos/20220711171219.avi',0,'2022-07-11 17:12:21.575954',1),(60,'W25 Nur-Sultan, Singles','Dana Shakirova','Anastasia Kovaleva','2022-07-11 17:22:36.176416',NULL,'women - singles',NULL,'live','/home/supmit/work/capturelivefeed/tennisvideos/20220711172234.avi',0,'2022-07-11 17:22:36.178417',1),(61,'W60+H Rome, Singles','Anastasia Abbagnato','Estelle Cascino','2022-07-11 17:22:39.561819',NULL,'women - singles',NULL,'live','/home/supmit/work/capturelivefeed/tennisvideos/20220711172237.avi',0,'2022-07-11 17:22:39.563891',1),(62,'W60+H Rome, Singles','Alice Rame','Angelica Raggi','2022-07-11 17:22:42.835329',NULL,'women - singles',NULL,'live','/home/supmit/work/capturelivefeed/tennisvideos/20220711172241.avi',0,'2022-07-11 17:22:42.838090',1),(63,'W60+H Rome, Singles','Miriana Tona','Stefania Rubini','2022-07-11 17:22:46.314787',NULL,'women - singles',NULL,'live','/home/supmit/work/capturelivefeed/tennisvideos/20220711172244.avi',0,'2022-07-11 17:22:46.316783',1),(64,'W25 Roehampton, Singles','Astrid Wanja Brune Olsen','Amarni Banks','2022-07-11 17:22:49.488530',NULL,'women - singles',NULL,'live','/home/supmit/work/capturelivefeed/tennisvideos/20220711172247.avi',0,'2022-07-11 17:22:49.490642',1),(65,'W25 Roehampton, Singles','Jizel Matos Sequeira Fernandes','Anika Jaskova','2022-07-11 17:22:53.581585',NULL,'women - singles',NULL,'live','/home/supmit/work/capturelivefeed/tennisvideos/20220711172252.avi',0,'2022-07-11 17:22:53.583637',1),(66,'M25 Nur-Sultan, Singles','Mykhailo Mossur','Andrey Nelich','2022-07-11 17:22:57.072320',NULL,'men - singles',NULL,'live','/home/supmit/work/capturelivefeed/tennisvideos/20220711172255.avi',0,'2022-07-11 17:22:57.076081',1),(67,'M25 Nur-Sultan, Singles','Rakhimbek Ibrakhimov','Alexander Chepik','2022-07-11 17:23:00.558589',NULL,'men - singles',NULL,'live','/home/supmit/work/capturelivefeed/tennisvideos/20220711172258.avi',0,'2022-07-11 17:23:00.562496',1),(68,'M25 Nur-Sultan, Singles','Alexander Zgirovsky','Amir Milushev','2022-07-11 17:23:04.213975',NULL,'men - singles',NULL,'live','/home/supmit/work/capturelivefeed/tennisvideos/20220711172302.avi',0,'2022-07-11 17:23:04.216113',1),(69,'M25 Roehampton, Singles','Finn Murgett','Jonathan Binding','2022-07-11 17:23:07.510462',NULL,'men - singles',NULL,'live','/home/supmit/work/capturelivefeed/tennisvideos/20220711172305.avi',0,'2022-07-11 17:23:07.512498',1),(70,'M25 Roehampton, Singles','Sean HODKIN','Sizya Ernest Kivanda','2022-07-11 17:23:11.609672',NULL,'men - singles',NULL,'live','/home/supmit/work/capturelivefeed/tennisvideos/20220711172309.avi',0,'2022-07-11 17:23:11.611728',1),(71,'W25 Nur-Sultan, Singles','Dana Shakirova','Anastasia Kovaleva','2022-07-11 17:26:28.115292',NULL,'women - singles',NULL,'live','/home/supmit/work/capturelivefeed/tennisvideos/20220711172626.avi',0,'2022-07-11 17:26:28.117724',1),(72,'W60+H Rome, Singles','Anastasia Abbagnato','Estelle Cascino','2022-07-11 17:26:31.457717',NULL,'women - singles',NULL,'live','/home/supmit/work/capturelivefeed/tennisvideos/20220711172629.avi',0,'2022-07-11 17:26:31.459735',1),(73,'W60+H Rome, Singles','Alice Rame','Angelica Raggi','2022-07-11 17:26:34.980546',NULL,'women - singles',NULL,'live','/home/supmit/work/capturelivefeed/tennisvideos/20220711172633.avi',0,'2022-07-11 17:26:34.982566',1),(74,'W60+H Rome, Singles','Miriana Tona','Stefania Rubini','2022-07-11 17:26:38.248379',NULL,'women - singles',NULL,'live','/home/supmit/work/capturelivefeed/tennisvideos/20220711172636.avi',0,'2022-07-11 17:26:38.251941',1),(75,'W25 Roehampton, Singles','Astrid Wanja Brune Olsen','Amarni Banks','2022-07-11 17:26:41.631109',NULL,'women - singles',NULL,'live','/home/supmit/work/capturelivefeed/tennisvideos/20220711172639.avi',0,'2022-07-11 17:26:41.633214',1),(76,'W25 Roehampton, Singles','Jizel Matos Sequeira Fernandes','Anika Jaskova','2022-07-11 17:26:45.575880',NULL,'women - singles',NULL,'live','/home/supmit/work/capturelivefeed/tennisvideos/20220711172643.avi',0,'2022-07-11 17:26:45.577788',1),(77,'M25 Nur-Sultan, Singles','Mykhailo Mossur','Andrey Nelich','2022-07-11 17:26:48.798427',NULL,'men - singles',NULL,'live','/home/supmit/work/capturelivefeed/tennisvideos/20220711172647.avi',0,'2022-07-11 17:26:48.800401',1),(78,'M25 Nur-Sultan, Singles','Rakhimbek Ibrakhimov','Alexander Chepik','2022-07-11 17:26:52.280000',NULL,'men - singles',NULL,'live','/home/supmit/work/capturelivefeed/tennisvideos/20220711172650.avi',0,'2022-07-11 17:26:52.281997',1),(79,'M25 Nur-Sultan, Singles','Alexander Zgirovsky','Amir Milushev','2022-07-11 17:26:55.555241',NULL,'men - singles',NULL,'live','/home/supmit/work/capturelivefeed/tennisvideos/20220711172653.avi',0,'2022-07-11 17:26:55.557109',1),(80,'M25 Roehampton, Singles','Finn Murgett','Jonathan Binding','2022-07-11 17:26:58.677395',NULL,'men - singles',NULL,'live','/home/supmit/work/capturelivefeed/tennisvideos/20220711172657.avi',0,'2022-07-11 17:26:58.679338',1),(81,'W25 Nur-Sultan, Singles','Dana Shakirova','Anastasia Kovaleva','2022-07-11 17:27:48.262035',NULL,'women - singles',NULL,'live','/home/supmit/work/capturelivefeed/tennisvideos/20220711172746.avi',0,'2022-07-11 17:27:48.263929',1),(82,'W60+H Rome, Singles','Anastasia Abbagnato','Estelle Cascino','2022-07-11 17:27:51.657954',NULL,'women - singles',NULL,'live','/home/supmit/work/capturelivefeed/tennisvideos/20220711172750.avi',0,'2022-07-11 17:27:51.660552',1),(83,'W60+H Rome, Singles','Alice Rame','Angelica Raggi','2022-07-11 17:27:55.268572',NULL,'women - singles',NULL,'live','/home/supmit/work/capturelivefeed/tennisvideos/20220711172753.avi',0,'2022-07-11 17:27:55.270833',1),(84,'W60+H Rome, Singles','Miriana Tona','Stefania Rubini','2022-07-11 17:27:59.341694',NULL,'women - singles',NULL,'live','/home/supmit/work/capturelivefeed/tennisvideos/20220711172757.avi',0,'2022-07-11 17:27:59.343744',1),(85,'W25 Roehampton, Singles','Astrid Wanja Brune Olsen','Amarni Banks','2022-07-11 17:28:03.310552',NULL,'women - singles',NULL,'live','/home/supmit/work/capturelivefeed/tennisvideos/20220711172801.avi',0,'2022-07-11 17:28:03.312513',1),(86,'W25 Roehampton, Singles','Jizel Matos Sequeira Fernandes','Anika Jaskova','2022-07-11 17:28:07.051217',NULL,'women - singles',NULL,'live','/home/supmit/work/capturelivefeed/tennisvideos/20220711172805.avi',0,'2022-07-11 17:28:07.053178',1),(87,'M25 Nur-Sultan, Singles','Mykhailo Mossur','Andrey Nelich','2022-07-11 17:28:10.111085',NULL,'men - singles',NULL,'live','/home/supmit/work/capturelivefeed/tennisvideos/20220711172808.avi',0,'2022-07-11 17:28:10.113044',1),(88,'M25 Nur-Sultan, Singles','Rakhimbek Ibrakhimov','Alexander Chepik','2022-07-11 17:28:12.940000',NULL,'men - singles',NULL,'live','/home/supmit/work/capturelivefeed/tennisvideos/20220711172811.avi',0,'2022-07-11 17:28:12.941917',1),(89,'M25 Nur-Sultan, Singles','Alexander Zgirovsky','Amir Milushev','2022-07-11 17:28:15.862590',NULL,'men - singles',NULL,'live','/home/supmit/work/capturelivefeed/tennisvideos/20220711172814.avi',0,'2022-07-11 17:28:15.865712',1),(90,'M25 Roehampton, Singles','Finn Murgett','Jonathan Binding','2022-07-11 17:28:18.824775',NULL,'men - singles',NULL,'live','/home/supmit/work/capturelivefeed/tennisvideos/20220711172817.avi',0,'2022-07-11 17:28:18.826862',1),(91,'W25 Nur-Sultan, Singles','Dana Shakirova','Anastasia Kovaleva','2022-07-11 17:42:55.783298',NULL,'women - singles',NULL,'live','/home/supmit/work/capturelivefeed/tennisvideos/20220711174253.avi',0,'2022-07-11 17:42:55.785350',1),(92,'W60+H Rome, Singles','Anastasia Abbagnato','Estelle Cascino','2022-07-11 17:42:59.368740',NULL,'women - singles',NULL,'live','/home/supmit/work/capturelivefeed/tennisvideos/20220711174257.avi',0,'2022-07-11 17:42:59.370796',1),(93,'W60+H Rome, Singles','Alice Rame','Angelica Raggi','2022-07-11 17:43:02.957625',NULL,'women - singles',NULL,'live','/home/supmit/work/capturelivefeed/tennisvideos/20220711174301.avi',0,'2022-07-11 17:43:02.959633',1),(94,'W60+H Rome, Singles','Miriana Tona','Stefania Rubini','2022-07-11 17:43:06.238779',NULL,'women - singles',NULL,'live','/home/supmit/work/capturelivefeed/tennisvideos/20220711174304.avi',0,'2022-07-11 17:43:06.240776',1),(95,'W25 Roehampton, Singles','Astrid Wanja Brune Olsen','Amarni Banks','2022-07-11 17:43:10.445255',NULL,'women - singles',NULL,'live','/home/supmit/work/capturelivefeed/tennisvideos/20220711174307.avi',0,'2022-07-11 17:43:10.447337',1),(96,'W25 Roehampton, Singles','Jizel Matos Sequeira Fernandes','Anika Jaskova','2022-07-11 17:43:13.930864',NULL,'women - singles',NULL,'live','/home/supmit/work/capturelivefeed/tennisvideos/20220711174312.avi',0,'2022-07-11 17:43:13.932856',1),(97,'M25 Nur-Sultan, Singles','Mykhailo Mossur','Andrey Nelich','2022-07-11 17:43:17.352795',NULL,'men - singles',NULL,'live','/home/supmit/work/capturelivefeed/tennisvideos/20220711174315.avi',0,'2022-07-11 17:43:17.354880',1),(98,'M25 Nur-Sultan, Singles','Rakhimbek Ibrakhimov','Alexander Chepik','2022-07-11 17:43:20.510479',NULL,'men - singles',NULL,'live','/home/supmit/work/capturelivefeed/tennisvideos/20220711174318.avi',0,'2022-07-11 17:43:20.512445',1),(99,'M25 Nur-Sultan, Singles','Alexander Zgirovsky','Amir Milushev','2022-07-11 17:43:23.838260',NULL,'men - singles',NULL,'live','/home/supmit/work/capturelivefeed/tennisvideos/20220711174322.avi',0,'2022-07-11 17:43:23.840209',1),(100,'M25 Roehampton, Singles','James Story','Tom Hands','2022-07-11 17:43:27.589220',NULL,'men - singles',NULL,'live','/home/supmit/work/capturelivefeed/tennisvideos/20220711174325.avi',0,'2022-07-11 17:43:27.591340',1),(101,'M25 Roehampton, Singles','Finn Murgett','Jonathan Binding','2022-07-11 17:43:30.905637',NULL,'men - singles',NULL,'live','/home/supmit/work/capturelivefeed/tennisvideos/20220711174329.avi',0,'2022-07-11 17:43:30.907958',1),(102,'W25 Nur-Sultan, Singles','Dana Shakirova','Anastasia Kovaleva','2022-07-11 18:16:25.395746',NULL,'women - singles',NULL,'live','/home/supmit/work/capturelivefeed/tennisvideos/20220711181624.avi',0,'2022-07-11 18:16:25.399190',1),(103,'W60+H Rome, Singles','Alice Rame','Angelica Raggi','2022-07-11 18:16:27.953662',NULL,'women - singles',NULL,'live','/home/supmit/work/capturelivefeed/tennisvideos/20220711181626.avi',0,'2022-07-11 18:16:27.955403',1),(104,'W60+H Rome, Singles','Eva Vedder','Aurora Zantedeschi','2022-07-11 18:16:30.511728',NULL,'women - singles',NULL,'live','/home/supmit/work/capturelivefeed/tennisvideos/20220711181629.avi',0,'2022-07-11 18:16:30.513434',1),(105,'W60+H Rome, Singles','Anastasia Grymalska','Sara Cakarevic','2022-07-11 18:16:33.175160',NULL,'women - singles',NULL,'live','/home/supmit/work/capturelivefeed/tennisvideos/20220711181631.avi',0,'2022-07-11 18:16:33.176862',1),(106,'W25 Roehampton, Singles','Jizel Matos Sequeira Fernandes','Anika Jaskova','2022-07-11 18:16:35.738038',NULL,'women - singles',NULL,'live','/home/supmit/work/capturelivefeed/tennisvideos/20220711181634.avi',0,'2022-07-11 18:16:35.739731',1),(107,'M25 Nur-Sultan, Singles','Rakhimbek Ibrakhimov','Alexander Chepik','2022-07-11 18:16:39.116750',NULL,'men - singles',NULL,'live','/home/supmit/work/capturelivefeed/tennisvideos/20220711181637.avi',0,'2022-07-11 18:16:39.118878',1),(108,'M25 Roehampton, Singles','James Story','Tom Hands','2022-07-11 18:16:41.710958',NULL,'men - singles',NULL,'live','/home/supmit/work/capturelivefeed/tennisvideos/20220711181640.avi',0,'2022-07-11 18:16:41.712654',1),(109,'M25 Roehampton, Singles','Finn Murgett','Jonathan Binding','2022-07-11 18:16:44.338588',NULL,'men - singles',NULL,'live','/home/supmit/work/capturelivefeed/tennisvideos/20220711181643.avi',0,'2022-07-11 18:16:44.340278',1),(110,'W60+H Rome, Singles','Eva Vedder','Aurora Zantedeschi','2022-07-11 19:27:30.213349',NULL,'women - singles',NULL,'live','/home/supmit/work/capturelivefeed/tennisvideos/20220711192729.avi',0,'2022-07-11 19:27:30.214490',1),(111,'W60+H Rome, Singles','Eva Vedder','Aurora Zantedeschi','2022-07-11 19:27:41.684104',NULL,'women - singles',NULL,'live','/home/supmit/work/capturelivefeed/tennisvideos/20220711192741.avi',0,'2022-07-11 19:27:41.685172',1),(112,'W60+H Rome, Singles','Eva Vedder','Aurora Zantedeschi','2022-07-11 19:28:57.464813',NULL,'women - singles',NULL,'live','/home/supmit/work/capturelivefeed/tennisvideos/20220711192856.avi',0,'2022-07-11 19:28:57.466062',1),(113,'W60+H Rome, Singles','Eva Vedder','Aurora Zantedeschi','2022-07-11 19:30:46.066472',NULL,'women - singles',NULL,'live','/home/supmit/work/capturelivefeed/tennisvideos/20220711193045.avi',0,'2022-07-11 19:30:46.067681',1),(114,'W60+H Rome, Singles','Eva Vedder','Aurora Zantedeschi','2022-07-11 17:17:58.747111',NULL,'women - singles',NULL,'live','/home/supmit/work/capturelivefeed/tennisvideos/20220711193103.avi',1,'2022-07-11 19:31:04.547574',1),(115,'W60+H Rome, Singles','Andreea Prisacariu','Chiara Girelli','2022-07-11 17:17:58.702611',NULL,'women - singles',NULL,'live','/home/supmit/work/capturelivefeed/tennisvideos/20220711193105.avi',1,'2022-07-11 19:31:06.286702',1),(116,'W60+H Rome, Singles','Eva Vedder','Aurora Zantedeschi','2022-07-11 17:17:58.658241',NULL,'women - singles',NULL,'live','/home/supmit/work/capturelivefeed/tennisvideos/20220711193117.avi',1,'2022-07-11 19:31:18.062977',1),(117,'W60+H Rome, Singles','Andreea Prisacariu','Chiara Girelli','2022-07-11 17:17:58.613364',NULL,'women - singles',NULL,'live','/home/supmit/work/capturelivefeed/tennisvideos/20220711193118.avi',1,'2022-07-11 19:31:19.600842',1),(118,'W60+H Rome, Singles','Eva Vedder','Aurora Zantedeschi','2022-07-11 17:17:58.569016',NULL,'women - singles',NULL,'live','/home/supmit/work/capturelivefeed/tennisvideos/20220711193130.avi',1,'2022-07-11 19:31:31.786357',1),(119,'W60+H Rome, Singles','Andreea Prisacariu','Chiara Girelli','2022-07-11 17:17:58.392667',NULL,'women - singles',NULL,'live','/home/supmit/work/capturelivefeed/tennisvideos/20220711193132.avi',1,'2022-07-11 19:31:33.236920',1),(120,'W60+H Rome, Singles','Eva Vedder','Aurora Zantedeschi','2022-07-11 17:17:58.346546',NULL,'women - singles',NULL,'live','/home/supmit/work/capturelivefeed/tennisvideos/20220711193145.avi',1,'2022-07-11 19:31:46.557290',1),(121,'W60+H Rome, Singles','Andreea Prisacariu','Chiara Girelli','2022-07-11 17:17:58.268508',NULL,'women - singles',NULL,'live','/home/supmit/work/capturelivefeed/tennisvideos/20220711193147.avi',1,'2022-07-11 19:31:48.376851',1),(122,'W60+H Rome, Singles','Eva Vedder','Aurora Zantedeschi','2022-07-11 17:17:58.223241',NULL,'women - singles',NULL,'live','/home/supmit/work/capturelivefeed/tennisvideos/20220711193159.avi',1,'2022-07-11 19:31:59.949889',1),(123,'W60+H Rome, Singles','Andreea Prisacariu','Chiara Girelli','2022-07-11 17:17:57.838431',NULL,'women - singles',NULL,'live','/home/supmit/work/capturelivefeed/tennisvideos/20220711193201.avi',1,'2022-07-11 19:32:02.254278',1),(124,'W60+H Rome, Singles','Eva Vedder','Aurora Zantedeschi','2022-07-11 19:32:13.771270',NULL,'women - singles',NULL,'live','/home/supmit/work/capturelivefeed/tennisvideos/20220711193213.avi',0,'2022-07-11 19:32:13.772412',1),(125,'W60+H Rome, Singles','Andreea Prisacariu','Chiara Girelli','2022-07-11 19:32:15.307850',NULL,'women - singles',NULL,'live','/home/supmit/work/capturelivefeed/tennisvideos/20220711193214.avi',0,'2022-07-11 19:32:15.309008',1),(126,'W60+H Rome, Singles','Eva Vedder','Aurora Zantedeschi','2022-07-11 19:32:26.980570',NULL,'women - singles',NULL,'live','/home/supmit/work/capturelivefeed/tennisvideos/20220711193226.avi',0,'2022-07-11 19:32:26.981736',1),(127,'W60+H Rome, Singles','Andreea Prisacariu','Chiara Girelli','2022-07-11 19:32:28.516774',NULL,'women - singles',NULL,'live','/home/supmit/work/capturelivefeed/tennisvideos/20220711193227.avi',0,'2022-07-11 19:32:28.517961',1),(128,'W60+H Rome, Singles','Eva Vedder','Aurora Zantedeschi','2022-07-11 19:32:40.915177',NULL,'women - singles',NULL,'live','/home/supmit/work/capturelivefeed/tennisvideos/20220711193240.avi',0,'2022-07-11 19:32:40.917567',1),(129,'W60+H Rome, Singles','Andreea Prisacariu','Chiara Girelli','2022-07-11 19:32:42.450857',NULL,'women - singles',NULL,'live','/home/supmit/work/capturelivefeed/tennisvideos/20220711193241.avi',0,'2022-07-11 19:32:42.452006',1),(130,'W60+H Rome, Singles','Eva Vedder','Aurora Zantedeschi','2022-07-11 19:32:53.985481',NULL,'women - singles',NULL,'live','/home/supmit/work/capturelivefeed/tennisvideos/20220711193253.avi',0,'2022-07-11 19:32:53.986648',1),(131,'W60+H Rome, Singles','Andreea Prisacariu','Chiara Girelli','2022-07-11 19:32:55.502136',NULL,'women - singles',NULL,'live','/home/supmit/work/capturelivefeed/tennisvideos/20220711193254.avi',0,'2022-07-11 19:32:55.503287',1),(132,'W60+H Rome, Singles','Eva Vedder','Aurora Zantedeschi','2022-07-11 19:33:07.125635',NULL,'women - singles',NULL,'live','/home/supmit/work/capturelivefeed/tennisvideos/20220711193306.avi',0,'2022-07-11 19:33:07.126792',1),(133,'W60 H Rome, Singles','Andreea Prisacariu','Chiara Girelli','2022-07-11 17:23:48.379882','2022-07-11 12:00:00.000000','women - singles','Andreea Prisacariu','live\'','/home/supmit/work/capturelivefeed/tennisvideos/20220711193308.avi',0,'2022-07-11 17:23:48.379168',2),(134,'W60+H Rome, Singles','Eva Vedder','Aurora Zantedeschi','2022-07-11 19:33:21.138595',NULL,'women - singles',NULL,'live','/home/supmit/work/capturelivefeed/tennisvideos/20220711193320.avi',0,'2022-07-11 19:33:21.139745',1),(135,'W60+H Rome, Singles','Andreea Prisacariu','Chiara Girelli','2022-07-11 19:33:22.688163',NULL,'women - singles',NULL,'live','/home/supmit/work/capturelivefeed/tennisvideos/20220711193321.avi',0,'2022-07-11 19:33:22.689324',1),(136,'W60+H Rome, Singles','Eva Vedder','Aurora Zantedeschi','2022-07-11 19:33:34.364459',NULL,'women - singles',NULL,'live','/home/supmit/work/capturelivefeed/tennisvideos/20220711193333.avi',0,'2022-07-11 19:33:34.365686',1),(137,'W60+H Rome, Singles','Andreea Prisacariu','Chiara Girelli','2022-07-11 19:33:35.824010',NULL,'women - singles',NULL,'live','/home/supmit/work/capturelivefeed/tennisvideos/20220711193335.avi',0,'2022-07-11 19:33:35.825164',1),(138,'W60+H Rome, Singles','Eva Vedder','Aurora Zantedeschi','2022-07-11 19:51:11.053141',NULL,'women - singles',NULL,'live','/home/supmit/work/capturelivefeed/tennisvideos/20220711195110.avi',0,'2022-07-11 19:51:11.054383',1),(139,'W60+H Rome, Singles','Andreea Prisacariu','Chiara Girelli','2022-07-11 19:51:12.792397',NULL,'women - singles',NULL,'live','/home/supmit/work/capturelivefeed/tennisvideos/20220711195111.avi',0,'2022-07-11 19:51:12.793580',1),(140,'W60+H Rome, Singles','Eva Vedder','Aurora Zantedeschi','2022-07-11 20:06:28.260981',NULL,'women - singles',NULL,'live','/home/supmit/work/capturelivefeed/tennisvideos/20220711200626.avi',0,'2022-07-11 20:06:28.262240',1),(141,'W60+H Rome, Singles','Andreea Prisacariu','Chiara Girelli','2022-07-11 20:06:31.395839',NULL,'women - singles',NULL,'live','/home/supmit/work/capturelivefeed/tennisvideos/20220711200629.avi',0,'2022-07-11 20:06:31.397008',1),(142,'W60+H Rome, Singles','Andreea Prisacariu','Chiara Girelli','2022-07-11 20:16:33.038033',NULL,'women - singles',NULL,'live','/home/supmit/work/capturelivefeed/tennisvideos/20220711201632.avi',0,'2022-07-11 20:16:33.039270',1),(143,'W60+H Rome, Singles','Denise Valente','Melania Delai','2022-07-11 20:16:34.576477',NULL,'women - singles',NULL,'live','/home/supmit/work/capturelivefeed/tennisvideos/20220711201633.avi',0,'2022-07-11 20:16:34.577650',1),(144,'W60+H Rome, Singles','Andreea Prisacariu','Chiara Girelli','2022-07-11 20:22:37.280833',NULL,'women - singles',NULL,'live','/home/supmit/work/capturelivefeed/tennisvideos/20220711202236.avi',0,'2022-07-11 20:22:37.282038',1),(145,'W60+H Rome, Singles','Denise Valente','Melania Delai','2022-07-11 20:22:38.813178',NULL,'women - singles',NULL,'live','/home/supmit/work/capturelivefeed/tennisvideos/20220711202238.avi',0,'2022-07-11 20:22:38.814338',1),(146,'W60+H Rome, Singles','Andreea Prisacariu','Chiara Girelli','2022-07-11 20:36:58.222120',NULL,'women - singles',NULL,'live','/home/supmit/work/capturelivefeed/tennisvideos/20220711203657.avi',0,'2022-07-11 20:36:58.223396',1),(147,'W60+H Rome, Singles','Denise Valente','Melania Delai','2022-07-11 20:36:59.809896',NULL,'women - singles',NULL,'live','/home/supmit/work/capturelivefeed/tennisvideos/20220711203659.avi',0,'2022-07-11 20:36:59.811364',1),(148,'W60+H Rome, Singles','Andreea Prisacariu','Chiara Girelli','2022-07-11 20:44:32.012802',NULL,'women - singles',NULL,'live','/home/supmit/work/capturelivefeed/tennisvideos/20220711204431.avi',0,'2022-07-11 20:44:32.014459',1),(149,'W60+H Rome, Singles','Denise Valente','Melania Delai','2022-07-11 20:44:33.650169',NULL,'women - singles',NULL,'live','/home/supmit/work/capturelivefeed/tennisvideos/20220711204432.avi',0,'2022-07-11 20:44:33.651326',1),(150,'W60+H Rome, Singles','Andreea Prisacariu','Chiara Girelli','2022-07-11 20:51:22.439956',NULL,'women - singles',NULL,'live','/home/supmit/work/capturelivefeed/tennisvideos/20220711205121.avi',0,'2022-07-11 20:51:22.441372',1),(151,'W60+H Rome, Singles','Denise Valente','Melania Delai','2022-07-11 20:51:24.380186',NULL,'women - singles',NULL,'live','/home/supmit/work/capturelivefeed/tennisvideos/20220711205123.avi',0,'2022-07-11 20:51:24.381550',1),(152,'M25 Idanha-a-Nova, Singles','Hong-Lin Fu','Charles Minc','2022-07-11 20:51:26.430373',NULL,'men - singles',NULL,'live','/home/supmit/work/capturelivefeed/tennisvideos/20220711205125.avi',0,'2022-07-11 20:51:26.431724',1),(153,'M25 Idanha-a-Nova, Singles','Matt Ponchet','Andre Rodeia','2022-07-11 20:51:28.378775',NULL,'men - singles',NULL,'live','/home/supmit/work/capturelivefeed/tennisvideos/20220711205127.avi',0,'2022-07-11 20:51:28.380127',1),(154,'W60+H Rome, Singles','Denise Valente','Melania Delai','2022-07-11 21:17:02.838609',NULL,'women - singles',NULL,'live','/home/supmit/work/capturelivefeed/tennisvideos/20220711211701.avi',0,'2022-07-11 21:17:02.839885',1),(155,'M25 Idanha-a-Nova, Singles','Hong-Lin Fu','Charles Minc','2022-07-11 21:17:04.577540',NULL,'men - singles',NULL,'live','/home/supmit/work/capturelivefeed/tennisvideos/20220711211703.avi',0,'2022-07-11 21:17:04.578802',1),(156,'M25 Idanha-a-Nova, Singles','Matt Ponchet','Andre Rodeia','2022-07-11 21:17:06.389435',NULL,'men - singles',NULL,'live','/home/supmit/work/capturelivefeed/tennisvideos/20220711211705.avi',0,'2022-07-11 21:17:06.390735',1),(157,'M25 Idanha-a-Nova, Singles','Hong-Lin Fu','Charles Minc','2022-07-11 22:10:27.919795',NULL,'men - singles',NULL,'live','/home/supmit/work/capturelivefeed/tennisvideos/20220711221027.avi',0,'2022-07-11 22:10:27.921010',1),(158,'M25 Idanha-a-Nova, Singles','Matt Ponchet','Andre Rodeia','2022-07-11 22:10:29.511574',NULL,'men - singles',NULL,'live','/home/supmit/work/capturelivefeed/tennisvideos/20220711221028.avi',0,'2022-07-11 22:10:29.512888',1),(159,'M25 Idanha-a-Nova, Singles','Hong-Lin Fu','Charles Minc','2022-07-11 22:17:08.711103',NULL,'men - singles',NULL,'live','/home/supmit/work/capturelivefeed/tennisvideos/20220711221707.avi',0,'2022-07-11 22:17:08.712307',1),(160,'M25 Idanha-a-Nova, Singles','Matt Ponchet','Andre Rodeia','2022-07-11 22:17:10.209801',NULL,'men - singles',NULL,'live','/home/supmit/work/capturelivefeed/tennisvideos/20220711221709.avi',0,'2022-07-11 22:17:10.210976',1),(161,'M25 Idanha-a-Nova, Singles','Hong-Lin Fu','Charles Minc','2022-07-11 22:25:35.165826',NULL,'men - singles',NULL,'live','/home/supmit/work/capturelivefeed/tennisvideos/20220711222534.avi',0,'2022-07-11 22:25:35.167022',1),(162,'M25 Idanha-a-Nova, Singles','Matt Ponchet','Andre Rodeia','2022-07-11 22:25:36.768054',NULL,'men - singles',NULL,'live','/home/supmit/work/capturelivefeed/tennisvideos/20220711222536.avi',0,'2022-07-11 22:25:36.769234',1),(163,'M25 Idanha-a-Nova, Singles','Hong-Lin Fu','Charles Minc','2022-07-11 22:36:32.319773',NULL,'men - singles',NULL,'live','/home/supmit/work/capturelivefeed/tennisvideos/20220711223631.avi',0,'2022-07-11 22:36:32.320860',1),(164,'M25 Idanha-a-Nova, Singles','Francisco Rocha','Tiago Pereira','2022-07-11 22:48:35.828717',NULL,'men - singles',NULL,'live','/home/supmit/work/capturelivefeed/tennisvideos/20220711224835.avi',0,'2022-07-11 22:48:35.829904',1),(165,'M25 Idanha-a-Nova, Singles','Tomas Curras Abasolo','Tiago Torres','2022-07-11 22:57:27.589613',NULL,'men - singles',NULL,'live','/home/supmit/work/capturelivefeed/tennisvideos/20220711225726.avi',0,'2022-07-11 22:57:27.590984',1),(166,'M25 Idanha-a-Nova, Singles','Tomas Curras Abasolo','Tiago Torres','2022-07-11 23:06:04.391483',NULL,'men - singles',NULL,'live','/home/supmit/work/capturelivefeed/tennisvideos/20220711230603.avi',0,'2022-07-11 23:06:04.392711',1),(167,'M25 Idanha-a-Nova, Singles','Francisco Rocha','Tiago Pereira','2022-07-11 23:06:06.036626',NULL,'men - singles',NULL,'live','/home/supmit/work/capturelivefeed/tennisvideos/20220711230605.avi',0,'2022-07-11 23:06:06.037799',1),(168,'M25 Idanha-a-Nova, Singles','Tomas Curras Abasolo','Tiago Torres','2022-07-11 23:07:20.617693',NULL,'men - singles',NULL,'live','/home/supmit/work/capturelivefeed/tennisvideos/20220711230719.avi',0,'2022-07-11 23:07:20.618910',1),(169,'M25 Idanha-a-Nova, Singles','Francisco Rocha','Tiago Pereira','2022-07-11 23:07:22.184664',NULL,'men - singles',NULL,'live','/home/supmit/work/capturelivefeed/tennisvideos/20220711230721.avi',0,'2022-07-11 23:07:22.185856',1),(170,'M25 Idanha-a-Nova, Singles','Tomas Curras Abasolo','Tiago Torres','2022-07-11 23:08:48.345662',NULL,'men - singles',NULL,'live','/home/supmit/work/capturelivefeed/tennisvideos/20220711230847.avi',0,'2022-07-11 23:08:48.346892',1),(171,'M25 Idanha-a-Nova, Singles','Francisco Rocha','Tiago Pereira','2022-07-11 23:08:49.881106',NULL,'men - singles',NULL,'live','/home/supmit/work/capturelivefeed/tennisvideos/20220711230849.avi',0,'2022-07-11 23:08:49.882440',1),(172,'M25 Idanha-a-Nova, Singles','Tomas Curras Abasolo','Tiago Torres','2022-07-11 23:13:32.813773',NULL,'men - singles',NULL,'live','/home/supmit/work/capturelivefeed/tennisvideos/20220711231331.avi',0,'2022-07-11 23:13:32.814954',1),(173,'M25 Idanha-a-Nova, Singles','Francisco Rocha','Tiago Pereira','2022-07-11 23:13:34.453027',NULL,'men - singles',NULL,'live','/home/supmit/work/capturelivefeed/tennisvideos/20220711231333.avi',0,'2022-07-11 23:13:34.454203',1),(174,'M25 Idanha-a-Nova, Singles','Tomas Curras Abasolo','Tiago Torres','2022-07-11 23:26:14.675619',NULL,'men - singles',NULL,'live','/home/supmit/work/capturelivefeed/tennisvideos/20220711232613.avi',0,'2022-07-11 23:26:14.676792',1),(175,'M25 Idanha-a-Nova, Singles','Francisco Rocha','Tiago Pereira','2022-07-11 23:26:16.208170',NULL,'men - singles',NULL,'live','/home/supmit/work/capturelivefeed/tennisvideos/20220711232615.avi',0,'2022-07-11 23:26:16.209322',1),(176,'M25 Idanha-a-Nova, Singles','Tomas Curras Abasolo','Tiago Torres','2022-07-11 23:37:34.954373',NULL,'men - singles',NULL,'live','/home/supmit/work/capturelivefeed/tennisvideos/20220711233734.avi',0,'2022-07-11 23:37:34.955555',1),(177,'M25 Idanha-a-Nova, Singles','Francisco Rocha','Tiago Pereira','2022-07-11 23:37:36.488299',NULL,'men - singles',NULL,'live','/home/supmit/work/capturelivefeed/tennisvideos/20220711233735.avi',0,'2022-07-11 23:37:36.489455',1),(178,'M25 Idanha-a-Nova, Singles','Tomas Curras Abasolo','Tiago Torres','2022-07-11 23:48:39.342106',NULL,'men - singles',NULL,'live','/home/supmit/work/capturelivefeed/tennisvideos/20220711234838.avi',0,'2022-07-11 23:48:39.343291',1),(179,'M25 Idanha-a-Nova, Singles','Francisco Rocha','Tiago Pereira','2022-07-11 23:48:40.976571',NULL,'men - singles',NULL,'live','/home/supmit/work/capturelivefeed/tennisvideos/20220711234840.avi',0,'2022-07-11 23:48:40.977745',1),(180,'M25 Idanha-a-Nova, Singles','Tomas Curras Abasolo','Tiago Torres','2022-07-11 23:51:21.670882',NULL,'men - singles',NULL,'live','/home/supmit/work/capturelivefeed/tennisvideos/20220711235120.avi',0,'2022-07-11 23:51:21.672095',1),(181,'M25 Idanha-a-Nova, Singles','Francisco Rocha','Tiago Pereira','2022-07-11 23:51:23.183741',NULL,'men - singles',NULL,'live','/home/supmit/work/capturelivefeed/tennisvideos/20220711235122.avi',0,'2022-07-11 23:51:23.184937',1),(182,'M25 Idanha-a-Nova, Singles','Tomas Curras Abasolo','Tiago Torres','2022-07-11 23:52:59.444650',NULL,'men - singles',NULL,'live','/home/supmit/work/capturelivefeed/tennisvideos/20220711235258.avi',0,'2022-07-11 23:52:59.445854',1),(183,'M25 Idanha-a-Nova, Singles','Francisco Rocha','Tiago Pereira','2022-07-11 23:53:01.081914',NULL,'men - singles',NULL,'live','/home/supmit/work/capturelivefeed/tennisvideos/20220711235300.avi',0,'2022-07-11 23:53:01.083059',1),(184,'M25 Idanha-a-Nova, Singles','Tomas Curras Abasolo','Tiago Torres','2022-07-11 23:53:47.565626',NULL,'men - singles',NULL,'live','/home/supmit/work/capturelivefeed/tennisvideos/20220711235346.avi',0,'2022-07-11 23:53:47.566822',1),(185,'M25 Idanha-a-Nova, Singles','Francisco Rocha','Tiago Pereira','2022-07-11 23:53:49.106326',NULL,'men - singles',NULL,'live','/home/supmit/work/capturelivefeed/tennisvideos/20220711235348.avi',0,'2022-07-11 23:53:49.107488',1),(186,'M25 Idanha-a-Nova, Singles','Tomas Curras Abasolo','Tiago Torres','2022-07-11 23:55:05.908963',NULL,'men - singles',NULL,'live','/home/supmit/work/capturelivefeed/tennisvideos/20220711235505.avi',0,'2022-07-11 23:55:05.910181',1),(187,'M25 Idanha-a-Nova, Singles','Francisco Rocha','Tiago Pereira','2022-07-11 23:55:07.342225',NULL,'men - singles',NULL,'live','/home/supmit/work/capturelivefeed/tennisvideos/20220711235506.avi',0,'2022-07-11 23:55:07.343396',1),(188,'M25 Idanha-a-Nova, Singles','Tomas Curras Abasolo','Tiago Torres','2022-07-12 00:01:04.008391',NULL,'men - singles',NULL,'live','/home/supmit/work/capturelivefeed/tennisvideos/20220712000103.avi',0,'2022-07-12 00:01:04.009589',1),(189,'M25 Idanha-a-Nova, Singles','Francisco Rocha','Tiago Pereira','2022-07-12 00:01:05.647825',NULL,'men - singles',NULL,'live','/home/supmit/work/capturelivefeed/tennisvideos/20220712000104.avi',0,'2022-07-12 00:01:05.648969',1),(190,'M25 Idanha-a-Nova, Singles','Tomas Curras Abasolo','Tiago Torres','2022-07-12 00:06:18.286372',NULL,'men - singles',NULL,'live','/home/supmit/work/capturelivefeed/tennisvideos/20220712000617.avi',0,'2022-07-12 00:06:18.287563',1),(191,'M25 Idanha-a-Nova, Singles','Francisco Rocha','Tiago Pereira','2022-07-11 18:47:50.567992','2022-07-11 13:10:14.000000','men - singles','Francisco Rocha','past\'','/home/supmit/work/capturelivefeed/tennisvideos/20220712000619.avi',0,'2022-07-11 18:47:50.567601',2),(192,'M25 Idanha-a-Nova, Singles','Tomas Curras Abasolo','Tiago Torres','2022-07-12 00:30:38.261867',NULL,'men - singles',NULL,'live','/home/supmit/work/capturelivefeed/tennisvideos/20220712003037.avi',0,'2022-07-12 00:30:38.262979',1),(193,'M25 Idanha-a-Nova, Singles','Tomas Curras Abasolo','Tiago Torres','2022-07-12 00:34:12.461870',NULL,'men - singles',NULL,'live','/home/supmit/work/capturelivefeed/tennisvideos/20220712003411.avi',0,'2022-07-12 00:34:12.462986',1),(194,'M25 Idanha-a-Nova, Singles','Tomas Curras Abasolo','Tiago Torres','2022-07-12 00:36:29.881233',NULL,'men - singles',NULL,'live','/home/supmit/work/capturelivefeed/tennisvideos/20220712003629.avi',0,'2022-07-12 00:36:29.882347',1),(195,'M25 Idanha-a-Nova, Singles','Tomas Curras Abasolo','Tiago Torres','2022-07-12 00:40:21.920099','2022-07-12 00:44:04.718374','men - singles',NULL,'past','/home/supmit/work/capturelivefeed/tennisvideos/20220712004021.avi',0,'2022-07-12 00:40:21.921190',1),(196,'W25 Nur-Sultan, Singles','Ji-Hee Choi','Gozal Ainitdinova','2022-07-13 18:39:13.812732',NULL,'women - singles',NULL,'live','/home/supmit/work/capturelivefeed/tennisvideos/20220713183910.avi',0,'2022-07-13 18:39:13.816433',1),(197,'W25 Nur-Sultan, Doubles','Ekaterina Kazionova, ','Ekaterina Maklakova, Ekaterina Maklakova','2022-07-13 18:39:22.979742',NULL,'women - doubles',NULL,'live','/home/supmit/work/capturelivefeed/tennisvideos/20220713183918.avi',0,'2022-07-13 18:39:22.983590',1),(198,'W60+H Rome, Singles','Isabella Shinikova','Angelica Raggi','2022-07-13 18:39:30.315986',NULL,'women - singles',NULL,'live','/home/supmit/work/capturelivefeed/tennisvideos/20220713183926.avi',0,'2022-07-13 18:39:30.319450',1),(199,'W60+H Rome, Singles','Fiona Ferro','Federica Di Sarra','2022-07-13 18:39:38.182328',NULL,'women - singles',NULL,'live','/home/supmit/work/capturelivefeed/tennisvideos/20220713183934.avi',0,'2022-07-13 18:39:38.185967',1),(200,'W60+H Rome, Singles','Paula Ormaechea','Louisa Chirico','2022-07-13 18:39:46.910327',NULL,'women - singles',NULL,'live','/home/supmit/work/capturelivefeed/tennisvideos/20220713183942.avi',0,'2022-07-13 18:39:46.914047',1),(201,'W25 Aschaffenburg, Singles','Jessica Bouzas Maneiro','Carolina Kuhl','2022-07-13 18:39:54.159861',NULL,'women - singles',NULL,'live','/home/supmit/work/capturelivefeed/tennisvideos/20220713183950.avi',0,'2022-07-13 18:39:54.163479',1),(202,'W25 Aschaffenburg, Singles','Leyre ROMERO GORMAZ','Darya Astakhova','2022-07-13 18:40:02.301857',NULL,'women - singles',NULL,'live','/home/supmit/work/capturelivefeed/tennisvideos/20220713183957.avi',0,'2022-07-13 18:40:02.305288',1),(203,'W25 Aschaffenburg, Singles','Tereza Smitkova','Elizabeth Halbauer','2022-07-13 18:40:09.330815',NULL,'women - singles',NULL,'live','/home/supmit/work/capturelivefeed/tennisvideos/20220713184005.avi',0,'2022-07-13 18:40:09.334376',1),(204,'W25 Aschaffenburg, Singles','Stephanie Wagner','Mona Barthel','2022-07-13 18:40:16.175828',NULL,'women - singles',NULL,'live','/home/supmit/work/capturelivefeed/tennisvideos/20220713184012.avi',0,'2022-07-13 18:40:16.179531',1),(205,'W25 Roehampton, Singles','Alicia Dudeney','Joanna Garland','2022-07-13 18:40:22.852816',NULL,'women - singles',NULL,'live','/home/supmit/work/capturelivefeed/tennisvideos/20220713184019.avi',0,'2022-07-13 18:40:22.856224',1),(206,'M15 Litija, Singles','Vladan Tadic','Frane Nincevic','2022-07-13 18:40:29.589631',NULL,'men - singles',NULL,'live','/home/supmit/work/capturelivefeed/tennisvideos/20220713184026.avi',0,'2022-07-13 18:40:29.593265',1),(207,'M15 Litija, Singles','Sebastian Dominko','Domagoj Biljesko','2022-07-13 18:40:37.029521',NULL,'men - singles',NULL,'live','/home/supmit/work/capturelivefeed/tennisvideos/20220713184033.avi',0,'2022-07-13 18:40:37.035925',1),(208,'M15 Litija, Singles','Filip Jeff Planinsek','Jaka Tomazin','2022-07-13 18:40:44.234102',NULL,'men - singles',NULL,'live','/home/supmit/work/capturelivefeed/tennisvideos/20220713184040.avi',0,'2022-07-13 18:40:44.237516',1),(209,'M25 Nur-Sultan, Singles','Benjamin Lock','Zura Tkemaladze','2022-07-13 18:40:51.603988',NULL,'men - singles',NULL,'live','/home/supmit/work/capturelivefeed/tennisvideos/20220713184047.avi',0,'2022-07-13 18:40:51.607838',1),(210,'M25 Nur-Sultan, Singles','Timur Maulenov','Yanki Erel','2022-07-13 18:40:58.568610',NULL,'men - singles',NULL,'live','/home/supmit/work/capturelivefeed/tennisvideos/20220713184055.avi',0,'2022-07-13 18:40:58.572246',1),(211,'M25 Nur-Sultan, Doubles','Egor Noskin, ','Alafia Ayeni, Alafia Ayeni','2022-07-13 18:41:05.426079',NULL,'men - doubles',NULL,'live','/home/supmit/work/capturelivefeed/tennisvideos/20220713184101.avi',0,'2022-07-13 18:41:05.429692',1),(212,'M25+H Kassel, Singles','Neo Niedner','Kai Wehnelt','2022-07-13 18:41:12.587220',NULL,'men - singles',NULL,'live','/home/supmit/work/capturelivefeed/tennisvideos/20220713184109.avi',0,'2022-07-13 18:41:12.590986',1),(213,'M25+H Kassel, Singles','Milan Welte','Sebastian Fanselow','2022-07-13 18:41:20.091716',NULL,'men - singles',NULL,'live','/home/supmit/work/capturelivefeed/tennisvideos/20220713184116.avi',0,'2022-07-13 18:41:20.095402',1),(214,'M25+H Kassel, Singles','Tim Sandkaulen','Maik Steiner','2022-07-13 18:41:26.975230',NULL,'men - singles',NULL,'live','/home/supmit/work/capturelivefeed/tennisvideos/20220713184123.avi',0,'2022-07-13 18:41:26.978911',1),(215,'M25+H Kassel, Singles','Alfredo Perez','Kimmer Coppejans','2022-07-13 18:41:33.895766',NULL,'men - singles',NULL,'live','/home/supmit/work/capturelivefeed/tennisvideos/20220713184130.avi',0,'2022-07-13 18:41:33.899248',1),(216,'M25 Roehampton, Singles','Alastair Gray','Alexander Hoogmartens','2022-07-13 18:41:41.430288',NULL,'men - singles',NULL,'live','/home/supmit/work/capturelivefeed/tennisvideos/20220713184138.avi',0,'2022-07-13 18:41:41.433762',1),(217,'M25 Roehampton, Singles','Yannick Mertens','Finn Bass','2022-07-13 18:41:48.392545',NULL,'men - singles',NULL,'live','/home/supmit/work/capturelivefeed/tennisvideos/20220713184144.avi',0,'2022-07-13 18:41:48.395978',1),(218,'M25 Telfs, Singles','Valentin Royer','Jonas Schaer','2022-07-13 18:41:55.282976',NULL,'men - singles',NULL,'live','/home/supmit/work/capturelivefeed/tennisvideos/20220713184151.avi',0,'2022-07-13 18:41:55.286430',1),(219,'M25 Telfs, Singles','Kirill Kivattsev','Francesco Ferrari','2022-07-13 18:42:03.371343',NULL,'men - singles',NULL,'live','/home/supmit/work/capturelivefeed/tennisvideos/20220713184158.avi',0,'2022-07-13 18:42:03.374834',1),(220,'M25 Telfs, Singles','Jakub Kroslak','Mick Veldheer','2022-07-13 18:42:10.661962',NULL,'men - singles',NULL,'live','/home/supmit/work/capturelivefeed/tennisvideos/20220713184207.avi',0,'2022-07-13 18:42:10.665714',1),(221,'M25 Telfs, Doubles','Marko Andrejic, ','Alexander Cozbinov, Alexander Cozbinov','2022-07-13 18:42:18.484538',NULL,'men - doubles',NULL,'live','/home/supmit/work/capturelivefeed/tennisvideos/20220713184214.avi',0,'2022-07-13 18:42:18.488122',1),(222,'W25 Aschaffenburg, Singles','Amanda Carreras','Irina Khromacheva','2022-07-13 18:55:05.001752',NULL,'women - singles',NULL,'live','/home/supmit/work/capturelivefeed/tennisvideos/20220713185501.avi',0,'2022-07-13 18:55:05.031761',1),(223,'M15 Litija, Singles','Kalin Ivanovski','Igor Gimenez','2022-07-13 19:10:32.465403',NULL,'men - singles',NULL,'live','/home/supmit/work/capturelivefeed/tennisvideos/20220713191028.avi',0,'2022-07-13 19:10:32.468932',1),(224,'M15 Litija, Doubles','Tommaso Compagnucci, ','Lautaro Agustin Falabella, Lautaro Agustin Falabella','2022-07-13 19:10:39.780830',NULL,'men - doubles',NULL,'live','/home/supmit/work/capturelivefeed/tennisvideos/20220713191035.avi',0,'2022-07-13 19:10:39.784454',1),(225,'M25 Nur-Sultan, Doubles','Arslanbek Aitkulov, ','Daniil Glinka, Daniil Glinka','2022-07-13 19:10:48.838492',NULL,'men - doubles',NULL,'live','/home/supmit/work/capturelivefeed/tennisvideos/20220713191044.avi',0,'2022-07-13 19:10:48.843214',1),(226,'M25 Nur-Sultan, Doubles','Alexey Kedryuk, ','Ivan Liutarevich, Ivan Liutarevich','2022-07-13 19:12:38.129352',NULL,'men - doubles',NULL,'live','/home/supmit/work/capturelivefeed/tennisvideos/20220713191234.avi',0,'2022-07-13 19:12:38.132989',1),(227,'M25 Telfs, Singles','Lewie Lane','Oliver Crawford','2022-07-13 19:16:56.144652','2022-07-13 19:16:58.853377','men - singles',NULL,'past','/home/supmit/work/capturelivefeed/tennisvideos/20220713191652.avi',0,'2022-07-13 19:16:56.148207',1),(228,'W25 Roehampton, Doubles','Andre Lukosiute, ','Alexandra Osborne, Alexandra Osborne','2022-07-13 19:20:56.562694',NULL,'women - doubles',NULL,'live','/home/supmit/work/capturelivefeed/tennisvideos/20220713192053.avi',0,'2022-07-13 19:20:56.566052',1),(229,'W60+H Rome, Singles','Victoria Jimenez Kasintseva','Verena Meliss','2022-07-13 19:48:22.954893',NULL,'women - singles',NULL,'live','/home/supmit/work/capturelivefeed/tennisvideos/20220713194820.avi',0,'2022-07-13 19:48:22.957958',1),(230,'W60+H Rome, Singles','Isabella Shinikova','Angelica Raggi','2022-07-13 19:48:28.460103','2022-07-13 20:14:55.707339','women - singles',NULL,'past','/home/supmit/work/capturelivefeed/tennisvideos/20220713194825.avi',0,'2022-07-13 19:48:28.465283',1),(231,'W60+H Rome, Singles','Fiona Ferro','Federica Di Sarra','2022-07-13 19:48:35.089545','2022-07-13 20:08:47.434055','women - singles',NULL,'past','/home/supmit/work/capturelivefeed/tennisvideos/20220713194831.avi',0,'2022-07-13 19:48:35.092267',1),(232,'W25 Aschaffenburg, Singles','Tereza Smitkova','Elizabeth Halbauer','2022-07-13 19:48:40.854400',NULL,'women - singles',NULL,'live','/home/supmit/work/capturelivefeed/tennisvideos/20220713194837.avi',0,'2022-07-13 19:48:40.857126',1),(233,'W25 Aschaffenburg, Singles','Amanda Carreras','Irina Khromacheva','2022-07-13 19:48:46.387979',NULL,'women - singles',NULL,'live','/home/supmit/work/capturelivefeed/tennisvideos/20220713194843.avi',0,'2022-07-13 19:48:46.390680',1),(234,'W25 Aschaffenburg, Singles','Aneta Kucmova','Ana Sofia Sanchez','2022-07-13 19:48:52.935164',NULL,'women - singles',NULL,'live','/home/supmit/work/capturelivefeed/tennisvideos/20220713194849.avi',0,'2022-07-13 19:48:52.937895',1),(235,'W25 Roehampton, Doubles','Andre Lukosiute, ','Alexandra Osborne, Alexandra Osborne','2022-07-13 19:48:59.087811',NULL,'women - doubles',NULL,'live','/home/supmit/work/capturelivefeed/tennisvideos/20220713194855.avi',0,'2022-07-13 19:48:59.091065',1),(236,'M15 Litija, Singles','Kalin Ivanovski','Igor Gimenez','2022-07-13 19:49:04.856362',NULL,'men - singles',NULL,'live','/home/supmit/work/capturelivefeed/tennisvideos/20220713194902.avi',0,'2022-07-13 19:49:04.860361',1),(237,'M15 Litija, Singles','Vladan Tadic','Frane Nincevic','2022-07-13 19:49:10.453434','2022-07-13 20:14:55.656570','men - singles',NULL,'past','/home/supmit/work/capturelivefeed/tennisvideos/20220713194907.avi',0,'2022-07-13 19:49:10.456156',1),(238,'M15 Litija, Singles','Filip Jeff Planinsek','Jaka Tomazin','2022-07-13 19:49:15.959320','2022-07-13 20:01:07.627948','men - singles',NULL,'past','/home/supmit/work/capturelivefeed/tennisvideos/20220713194913.avi',0,'2022-07-13 19:49:15.962039',1),(239,'M25 Nur-Sultan, Doubles','Arslanbek Aitkulov, ','Daniil Glinka, Daniil Glinka','2022-07-13 19:49:21.484865',NULL,'men - doubles',NULL,'live','/home/supmit/work/capturelivefeed/tennisvideos/20220713194918.avi',0,'2022-07-13 19:49:21.491128',1),(240,'M25 Nur-Sultan, Doubles','Alexey Kedryuk, ','Ivan Liutarevich, Ivan Liutarevich','2022-07-13 19:49:26.938502',NULL,'men - doubles',NULL,'live','/home/supmit/work/capturelivefeed/tennisvideos/20220713194924.avi',0,'2022-07-13 19:49:26.941299',1),(241,'M25+H Kassel, Singles','Milan Welte','Sebastian Fanselow','2022-07-13 19:49:33.289337',NULL,'men - singles',NULL,'live','/home/supmit/work/capturelivefeed/tennisvideos/20220713194930.avi',0,'2022-07-13 19:49:33.292364',1),(242,'M25+H Kassel, Singles','Tim Sandkaulen','Maik Steiner','2022-07-13 19:49:39.007717',NULL,'men - singles',NULL,'live','/home/supmit/work/capturelivefeed/tennisvideos/20220713194936.avi',0,'2022-07-13 19:49:39.010478',1),(243,'M25 Roehampton, Singles','Alastair Gray','Alexander Hoogmartens','2022-07-13 19:49:44.551933',NULL,'men - singles',NULL,'live','/home/supmit/work/capturelivefeed/tennisvideos/20220713194941.avi',0,'2022-07-13 19:49:44.554659',1),(244,'M25 Roehampton, Singles','Yannick Mertens','Finn Bass','2022-07-13 19:49:50.415751',NULL,'men - singles',NULL,'live','/home/supmit/work/capturelivefeed/tennisvideos/20220713194947.avi',0,'2022-07-13 19:49:50.418499',1),(245,'M25 Telfs, Singles','Kirill Kivattsev','Francesco Ferrari','2022-07-13 19:49:56.530907','2022-07-13 19:56:59.035200','men - singles',NULL,'past','/home/supmit/work/capturelivefeed/tennisvideos/20220713194953.avi',0,'2022-07-13 19:49:56.533588',1),(246,'M25 Telfs, Singles','Jakub Kroslak','Mick Veldheer','2022-07-13 19:50:03.917363','2022-07-13 20:02:44.195274','men - singles',NULL,'past','/home/supmit/work/capturelivefeed/tennisvideos/20220713194959.avi',0,'2022-07-13 19:50:03.921008',1),(247,'M25 Telfs, Singles','Lewie Lane','Oliver Crawford','2022-07-13 19:50:09.438908',NULL,'men - singles',NULL,'live','/home/supmit/work/capturelivefeed/tennisvideos/20220713195006.avi',0,'2022-07-13 19:50:09.447894',1),(248,'M15 Litija, Singles','Bor Artnak','Peter Fajta','2022-07-13 19:58:05.374209',NULL,'men - singles',NULL,'live','/home/supmit/work/capturelivefeed/tennisvideos/20220713195802.avi',0,'2022-07-13 19:58:05.377417',1),(249,'M25+H Kassel, Doubles','Vasilios Caripi, ','Rudolf Molleker, Rudolf Molleker','2022-07-13 20:01:03.865140',NULL,'men - doubles',NULL,'live','/home/supmit/work/capturelivefeed/tennisvideos/20220713200101.avi',0,'2022-07-13 20:01:03.868103',1),(250,'M25 Telfs, Singles','Ergi Kirkin','Luca Castagnola','2022-07-13 20:03:13.228217',NULL,'men - singles',NULL,'live','/home/supmit/work/capturelivefeed/tennisvideos/20220713200309.avi',0,'2022-07-13 20:03:13.231176',1),(251,'W60+H Rome, Singles','Martina Di Giuseppe','Andreea Prisacariu','2022-07-13 20:11:22.480400',NULL,'women - singles',NULL,'live','/home/supmit/work/capturelivefeed/tennisvideos/20220713201119.avi',0,'2022-07-13 20:11:22.487701',1),(252,'W25 Roehampton, Doubles','Justina Mikulskyte, ','Naiktha Bains, Naiktha Bains','2022-07-13 20:20:15.122447',NULL,'women - doubles',NULL,'live','/home/supmit/work/capturelivefeed/tennisvideos/20220713202012.avi',0,'2022-07-13 20:20:15.142947',1),(253,'W60+H Rome, Singles','Victoria Jimenez Kasintseva','Verena Meliss','2022-07-13 22:16:21.885555',NULL,'women - singles',NULL,'live','/home/supmit/work/capturelivefeed/tennisvideos/20220713221619.avi',0,'2022-07-13 22:16:21.888009',1),(254,'W60+H Rome, Singles','Nuria Brancaccio','Irina Maria Bara','2022-07-13 22:16:26.799790',NULL,'women - singles',NULL,'live','/home/supmit/work/capturelivefeed/tennisvideos/20220713221624.avi',0,'2022-07-13 22:16:26.802175',1),(255,'W25 Aschaffenburg, Singles','Sinja Kraus','Sandra Samir','2022-07-13 22:16:33.660790',NULL,'women - singles',NULL,'live','/home/supmit/work/capturelivefeed/tennisvideos/20220713221631.avi',0,'2022-07-13 22:16:33.663254',1),(256,'W25 Aschaffenburg, Singles','Katharina Hobgarski','Dominika Salkova','2022-07-13 22:16:38.575008',NULL,'women - singles',NULL,'live','/home/supmit/work/capturelivefeed/tennisvideos/20220713221636.avi',0,'2022-07-13 22:16:38.577362',1),(257,'W25 Aschaffenburg, Singles','Sina Herrmann','Ella Seidel','2022-07-13 22:16:43.698764',NULL,'women - singles',NULL,'live','/home/supmit/work/capturelivefeed/tennisvideos/20220713221640.avi',0,'2022-07-13 22:16:43.701245',1),(258,'W25 Aschaffenburg, Singles','Joelle Lilly Sophie Steur','Alice Tubello','2022-07-13 22:16:48.612393',NULL,'women - singles',NULL,'live','/home/supmit/work/capturelivefeed/tennisvideos/20220713221645.avi',0,'2022-07-13 22:16:48.614767',1),(259,'W25 Roehampton, Doubles','Jenny Duerst, ','Joanna Garland, Joanna Garland','2022-07-13 22:16:53.302676',NULL,'women - doubles',NULL,'live','/home/supmit/work/capturelivefeed/tennisvideos/20220713221650.avi',0,'2022-07-13 22:16:53.305172',1),(260,'M15 Litija, Singles','Bor Artnak','Peter Fajta','2022-07-13 22:16:58.100088',NULL,'men - singles',NULL,'live','/home/supmit/work/capturelivefeed/tennisvideos/20220713221655.avi',0,'2022-07-13 22:16:58.102493',1),(261,'M25 Idanha-a-Nova, Singles','Miguel Garcia','Miguel Gomes','2022-07-13 22:17:03.049651',NULL,'men - singles',NULL,'live','/home/supmit/work/capturelivefeed/tennisvideos/20220713221700.avi',0,'2022-07-13 22:17:03.052041',1),(262,'M25 Idanha-a-Nova, Singles','Tiago Torres','Fabio Coelho','2022-07-13 22:17:08.374195',NULL,'men - singles',NULL,'live','/home/supmit/work/capturelivefeed/tennisvideos/20220713221705.avi',0,'2022-07-13 22:17:08.376533',1),(263,'M25+H Kassel, Singles','Thomas Fabbiano','Michael AGWI','2022-07-13 22:17:12.775216',NULL,'men - singles',NULL,'live','/home/supmit/work/capturelivefeed/tennisvideos/20220713221710.avi',0,'2022-07-13 22:17:12.777444',1),(264,'M25+H Kassel, Doubles','Jack Vance, ','Illya Beloborodko, Illya Beloborodko','2022-07-13 22:17:17.015633',NULL,'men - doubles',NULL,'live','/home/supmit/work/capturelivefeed/tennisvideos/20220713221714.avi',0,'2022-07-13 22:17:17.017958',1),(265,'M25 Roehampton, Singles','Ben Jones','Stuart Parker','2022-07-13 22:17:21.376859',NULL,'men - singles',NULL,'live','/home/supmit/work/capturelivefeed/tennisvideos/20220713221719.avi',0,'2022-07-13 22:17:21.379183',1),(266,'M25 Roehampton, Doubles','Julian Cash, ','Ryan Golesworthy, Ryan Golesworthy','2022-07-13 22:17:25.678199',NULL,'men - doubles',NULL,'live','/home/supmit/work/capturelivefeed/tennisvideos/20220713221723.avi',0,'2022-07-13 22:17:25.680523',1),(267,'W25 Aschaffenburg, Singles','Sinja Kraus','Sandra Samir','2022-07-13 22:36:29.630017',NULL,'women - singles',NULL,'live','/home/supmit/work/capturelivefeed/tennisvideos/20220713223628.avi',0,'2022-07-13 22:36:29.631872',1),(268,'W25 Aschaffenburg, Singles','Sina Herrmann','Ella Seidel','2022-07-13 22:36:33.077084',NULL,'women - singles',NULL,'live','/home/supmit/work/capturelivefeed/tennisvideos/20220713223631.avi',0,'2022-07-13 22:36:33.078856',1),(269,'W25 Aschaffenburg, Singles','Joelle Lilly Sophie Steur','Alice Tubello','2022-07-13 22:36:36.557781',NULL,'women - singles',NULL,'live','/home/supmit/work/capturelivefeed/tennisvideos/20220713223634.avi',0,'2022-07-13 22:36:36.559563',1),(270,'M15 Litija, Singles','Bor Artnak','Peter Fajta','2022-07-13 22:36:40.142936',NULL,'men - singles',NULL,'live','/home/supmit/work/capturelivefeed/tennisvideos/20220713223638.avi',0,'2022-07-13 22:36:40.144808',1),(271,'M25 Idanha-a-Nova, Singles','Goncalo Oliveira','Goncalo Falcao','2022-07-13 22:36:44.647171',NULL,'men - singles',NULL,'live','/home/supmit/work/capturelivefeed/tennisvideos/20220713223642.avi',0,'2022-07-13 22:36:44.648971',1),(272,'M25 Idanha-a-Nova, Singles','Miguel Garcia','Miguel Gomes','2022-07-13 22:36:47.924921',NULL,'men - singles',NULL,'live','/home/supmit/work/capturelivefeed/tennisvideos/20220713223646.avi',0,'2022-07-13 22:36:47.926770',1),(273,'M25 Idanha-a-Nova, Singles','Tiago Torres','Fabio Coelho','2022-07-13 22:36:51.506111',NULL,'men - singles',NULL,'live','/home/supmit/work/capturelivefeed/tennisvideos/20220713223649.avi',0,'2022-07-13 22:36:51.507895',1),(274,'M25+H Kassel, Doubles','Jack Vance, ','Illya Beloborodko, Illya Beloborodko','2022-07-13 19:07:44.363705',NULL,'men - doubles',NULL,'live','/home/supmit/work/capturelivefeed/tennisvideos/20220713223653.avi',1,'2022-07-13 22:36:54.890855',1),(275,'M25 Roehampton, Doubles','Julian Cash, Ryan Golesworthy','Shane Golesworthy, Ryan Golesworthy','2022-07-13 21:48:59.397203','2022-07-13 03:10:00.000000','men - doubles','unknown','past\'','/home/supmit/work/capturelivefeed/tennisvideos/20220713223656.avi',0,'2022-07-13 21:48:59.396952',2),(276,'W60+H Rome, Singles','Chloe Paquet','Camilla Rosatello','2022-07-14 00:05:53.984480',NULL,'women - singles',NULL,'live','/home/supmit/work/capturelivefeed/tennisvideos/20220714000552.avi',0,'2022-07-14 00:05:53.985899',1),(277,'W25 Aschaffenburg, Singles','Joelle Lilly Sophie Steur','Alice Tubello','2022-07-14 00:05:56.212740',NULL,'women - singles',NULL,'live','/home/supmit/work/capturelivefeed/tennisvideos/20220714000555.avi',0,'2022-07-14 00:05:56.214103',1),(278,'M25 Idanha-a-Nova, Singles','Miguel Garcia','Miguel Gomes','2022-07-14 00:05:58.488926',NULL,'men - singles',NULL,'live','/home/supmit/work/capturelivefeed/tennisvideos/20220714000557.avi',0,'2022-07-14 00:05:58.490291',1),(279,'M25 Idanha-a-Nova, Doubles','Pedro Araujo, ','Ray Ho, Ray Ho','2022-07-13 19:45:14.507910',NULL,'men - doubles',NULL,'live','/home/supmit/work/capturelivefeed/tennisvideos/20220714000559.avi',1,'2022-07-14 00:06:00.855919',1),(280,'W60+H Rome, Singles','Chloe Paquet','Camilla Rosatello','2022-07-14 00:34:43.026928',NULL,'women - singles',NULL,'live','/home/supmit/work/capturelivefeed/tennisvideos/20220714003441.avi',0,'2022-07-14 00:34:43.028249',1),(281,'M25 Idanha-a-Nova, Singles','Miguel Garcia','Miguel Gomes','2022-07-14 00:34:44.973976',NULL,'men - singles',NULL,'live','/home/supmit/work/capturelivefeed/tennisvideos/20220714003444.avi',0,'2022-07-14 00:34:44.975267',1),(282,'M25 Idanha-a-Nova, Doubles','Pedro Araujo, Daniel Rodrigues','Ray Ho, Kelsey Stevenson','2022-07-14 00:34:46.921901',NULL,'men - doubles',NULL,'live','/home/supmit/work/capturelivefeed/tennisvideos/20220714003445.avi',0,'2022-07-14 00:34:46.925069',1),(283,'W60+H Rome, Singles','Chloe Paquet','Camilla Rosatello','2022-07-14 01:04:50.194199','2022-07-14 01:06:54.288298','women - singles',NULL,'live','/home/supmit/work/capturelivefeed/tennisvideos/20220714010449.avi',0,'2022-07-14 01:04:50.195435',1),(284,'M25 Idanha-a-Nova, Singles','Miguel Garcia','Miguel Gomes','2022-07-14 01:04:53.915943','2022-07-14 01:06:54.328313','men - singles',NULL,'live','/home/supmit/work/capturelivefeed/tennisvideos/20220714010451.avi',0,'2022-07-14 01:04:53.917130',1),(285,'W25 Nur-Sultan, Singles','Nigina Abduraimova','Zhibek Kulambayeva','2022-07-14 11:32:30.828376','2022-07-14 11:33:41.313619','women - singles',NULL,'live','/home/supmit/work/capturelivefeed/tennisvideos/20220714113225.avi',0,'2022-07-14 11:32:30.829890',1),(286,'W25 Nur-Sultan, Singles','Tatiana Barkova','Valeria Savinykh','2022-07-14 11:32:33.830869','2022-07-14 11:33:41.283935','women - singles',NULL,'live','/home/supmit/work/capturelivefeed/tennisvideos/20220714113232.avi',0,'2022-07-14 11:32:33.832198',1),(287,'W25 Nur-Sultan, Singles','Vera Lapko','Ekaterina Maklakova','2022-07-14 11:32:37.023690','2022-07-14 11:33:41.281171','women - singles',NULL,'live','/home/supmit/work/capturelivefeed/tennisvideos/20220714113235.avi',0,'2022-07-14 11:32:37.025113',1),(288,'W25 Nur-Sultan, Singles','Natalija Stevanovic','Gozal Ainitdinova','2022-07-14 11:32:41.008862','2022-07-14 11:33:41.278016','women - singles',NULL,'live','/home/supmit/work/capturelivefeed/tennisvideos/20220714113239.avi',0,'2022-07-14 11:32:41.010315',1),(289,'W25 Nur-Sultan, Singles','Mariia Tkacheva','Na-Lae Han','2022-07-14 11:33:59.507857','2022-07-14 11:34:59.673939','women - singles',NULL,'live','/home/supmit/work/capturelivefeed/tennisvideos/20220714113354.avi',0,'2022-07-14 11:33:59.509418',1),(290,'W25 Nur-Sultan, Singles','Nigina Abduraimova','Zhibek Kulambayeva','2022-07-14 11:38:18.454119',NULL,'women - singles',NULL,'live','/home/supmit/work/capturelivefeed/tennisvideos/20220714113817.avi',0,'2022-07-14 11:38:18.455557',1),(291,'W25 Nur-Sultan, Singles','Mariia Tkacheva','Na-Lae Han','2022-07-14 11:38:20.660750',NULL,'women - singles',NULL,'live','/home/supmit/work/capturelivefeed/tennisvideos/20220714113819.avi',0,'2022-07-14 11:38:20.662097',1),(292,'W25 Nur-Sultan, Singles','Vera Lapko','Ekaterina Maklakova','2022-07-14 11:38:23.518235',NULL,'women - singles',NULL,'live','/home/supmit/work/capturelivefeed/tennisvideos/20220714113822.avi',0,'2022-07-14 11:38:23.519531',1),(293,'W25 Nur-Sultan, Singles','Natalija Stevanovic','Gozal Ainitdinova','2022-07-14 11:38:26.335153',NULL,'women - singles',NULL,'live','/home/supmit/work/capturelivefeed/tennisvideos/20220714113824.avi',0,'2022-07-14 11:38:26.336526',1),(294,'W25 Nur-Sultan, Doubles','Ji-Hee Choi, Na-Lae Han','Ekaterina Maklakova, Aleksandra Pospelova','2022-07-15 15:22:58.120309',NULL,'women - doubles',NULL,'live','/home/supmit/work/capturelivefeed/tennisvideos/20220715152256.avi',0,'2022-07-15 15:22:58.123244',1),(295,'W60+H Rome, Singles','Isabella Shinikova','Diana Shnaider','2022-07-15 15:23:03.247830',NULL,'women - singles',NULL,'live','/home/supmit/work/capturelivefeed/tennisvideos/20220715152301.avi',0,'2022-07-15 15:23:03.249813',1),(296,'W25 Roehampton, Singles','Danielle Lao','Viktoria Kuzmova','2022-07-15 15:23:06.318536',NULL,'women - singles',NULL,'live','/home/supmit/work/capturelivefeed/tennisvideos/20220715152304.avi',0,'2022-07-15 15:23:06.320333',1),(297,'M25 Idanha-a-Nova, Singles','Simon Carr','Rio Noguchi','2022-07-15 15:23:09.271602',NULL,'men - singles',NULL,'live','/home/supmit/work/capturelivefeed/tennisvideos/20220715152307.avi',0,'2022-07-15 15:23:09.273312',1),(298,'M25 Idanha-a-Nova, Singles','Ben Patael','Pedro Araujo','2022-07-15 15:23:12.446527',NULL,'men - singles',NULL,'live','/home/supmit/work/capturelivefeed/tennisvideos/20220715152310.avi',0,'2022-07-15 15:23:12.448232',1),(299,'M25 Nur-Sultan, Singles','Shintaro Imai','Beibit Zhukayev','2022-07-15 15:23:16.344407',NULL,'men - singles',NULL,'live','/home/supmit/work/capturelivefeed/tennisvideos/20220715152314.avi',0,'2022-07-15 15:23:16.346365',1),(300,'M25+H Kassel, Doubles','Constantin  Frantzen, Tim Sandkaulen','Illya Beloborodko, Volodymyr Uzhylovskyi','2022-07-15 15:23:19.233676',NULL,'men - doubles',NULL,'live','/home/supmit/work/capturelivefeed/tennisvideos/20220715152317.avi',0,'2022-07-15 15:23:19.235711',1),(301,'M25 Telfs, Singles','Peter Heller','Maximilian Neuchrist','2022-07-15 15:23:22.419750',NULL,'men - singles',NULL,'live','/home/supmit/work/capturelivefeed/tennisvideos/20220715152320.avi',0,'2022-07-15 15:23:22.424045',1),(302,'M25 Telfs, Singles','Petr Nouza','Oliver Crawford','2022-07-15 15:23:25.463238',NULL,'men - singles',NULL,'live','/home/supmit/work/capturelivefeed/tennisvideos/20220715152323.avi',0,'2022-07-15 15:23:25.464949',1),(303,'W25 Nur-Sultan, Doubles','Ji-Hee Choi, Na-Lae Han','Ekaterina Maklakova, Aleksandra Pospelova','2022-07-15 15:56:38.698641',NULL,'women - doubles',NULL,'live','/home/supmit/work/capturelivefeed/tennisvideos/20220715155636.avi',0,'2022-07-15 15:56:38.700931',1),(304,'W60+H Rome, Singles','Isabella Shinikova','Diana Shnaider','2022-07-15 15:56:42.486774',NULL,'women - singles',NULL,'live','/home/supmit/work/capturelivefeed/tennisvideos/20220715155640.avi',0,'2022-07-15 15:56:42.488879',1),(305,'W25 Roehampton, Singles','Danielle Lao','Viktoria Kuzmova','2022-07-15 15:56:46.480515',NULL,'women - singles',NULL,'live','/home/supmit/work/capturelivefeed/tennisvideos/20220715155644.avi',0,'2022-07-15 15:56:46.483623',1),(306,'M15 Litija, Singles','Juan Pablo Paz','Frane Nincevic','2022-07-15 15:56:50.374805',NULL,'men - singles',NULL,'live','/home/supmit/work/capturelivefeed/tennisvideos/20220715155648.avi',0,'2022-07-15 15:56:50.376876',1),(307,'M15 Litija, Singles','Pavel Nejedly','Amaury Raynel','2022-07-15 15:56:54.107399',NULL,'men - singles',NULL,'live','/home/supmit/work/capturelivefeed/tennisvideos/20220715155652.avi',0,'2022-07-15 15:56:54.110476',1),(308,'M25 Idanha-a-Nova, Singles','Simon Carr','Rio Noguchi','2022-07-15 15:56:57.866319',NULL,'men - singles',NULL,'live','/home/supmit/work/capturelivefeed/tennisvideos/20220715155656.avi',0,'2022-07-15 15:56:57.868412',1),(309,'M25 Idanha-a-Nova, Singles','Ben Patael','Pedro Araujo','2022-07-15 15:57:01.739619',NULL,'men - singles',NULL,'live','/home/supmit/work/capturelivefeed/tennisvideos/20220715155659.avi',0,'2022-07-15 15:57:01.741780',1),(310,'M25+H Kassel, Singles','Rudolf Molleker','Sebastian Fanselow','2022-07-15 15:57:05.833167',NULL,'men - singles',NULL,'live','/home/supmit/work/capturelivefeed/tennisvideos/20220715155703.avi',0,'2022-07-15 15:57:05.835271',1),(311,'M25+H Kassel, Doubles','Constantin  Frantzen, Tim Sandkaulen','Illya Beloborodko, Volodymyr Uzhylovskyi','2022-07-15 15:57:09.829175',NULL,'men - doubles',NULL,'live','/home/supmit/work/capturelivefeed/tennisvideos/20220715155707.avi',0,'2022-07-15 15:57:09.831422',1),(312,'M25 Roehampton, Singles','Henry Patten','Stuart Parker','2022-07-15 15:57:14.131117',NULL,'men - singles',NULL,'live','/home/supmit/work/capturelivefeed/tennisvideos/20220715155711.avi',0,'2022-07-15 15:57:14.134300',1),(313,'M25 Telfs, Singles','Peter Heller','Maximilian Neuchrist','2022-07-15 15:57:18.224491',NULL,'men - singles',NULL,'live','/home/supmit/work/capturelivefeed/tennisvideos/20220715155715.avi',0,'2022-07-15 15:57:18.226593',1),(314,'M25 Telfs, Singles','Petr Nouza','Oliver Crawford','2022-07-15 15:57:21.713557',NULL,'men - singles',NULL,'live','/home/supmit/work/capturelivefeed/tennisvideos/20220715155719.avi',0,'2022-07-15 15:57:21.715641',1);
/*!40000 ALTER TABLE `feedman_feeds` ENABLE KEYS */;
UNLOCK TABLES;
/*!40103 SET TIME_ZONE=@OLD_TIME_ZONE */;

/*!40101 SET SQL_MODE=@OLD_SQL_MODE */;
/*!40014 SET FOREIGN_KEY_CHECKS=@OLD_FOREIGN_KEY_CHECKS */;
/*!40014 SET UNIQUE_CHECKS=@OLD_UNIQUE_CHECKS */;
/*!40101 SET CHARACTER_SET_CLIENT=@OLD_CHARACTER_SET_CLIENT */;
/*!40101 SET CHARACTER_SET_RESULTS=@OLD_CHARACTER_SET_RESULTS */;
/*!40101 SET COLLATION_CONNECTION=@OLD_COLLATION_CONNECTION */;
/*!40111 SET SQL_NOTES=@OLD_SQL_NOTES */;

-- Dump completed on 2022-07-27  1:45:52
